PLAY #,ODK,DN,DIST,HASH,YARD LN,PLAY TYPE,RESULT,GN/LS,OFF PLAY,OFF STR,PLAY DIR,QTR,TD_SCORED,SAFETY,FUMBLE,INTERCEPTION,TURNOVER,RB,TE,WR
2,o,1,10,2,-20,0.0,0,0,--,0,1,1,0,0,0,0,0,1,0,4
3,o,2,10,2,-20,1.0,1,-2,--,1,1,1,0,0,0,0,0,1,0,4
4,o,3,12,1,-18,1.0,2,0,--,1,0,1,0,0,0,0,0,1,1,3
10,o,1,10,2,-20,0.0,0,1,--,2,1,1,0,0,0,0,0,1,0,4
11,o,2,9,1,-21,0.0,0,2,--,0,1,1,0,0,0,0,0,1,0,4
12,o,3,7,1,-23,1.0,3,12,--,2,1,1,0,0,0,0,0,1,0,4
13,o,1,10,1,-35,0.0,0,7,--,1,1,1,0,0,0,0,0,1,0,4
14,o,2,3,1,-42,0.0,0,1,--,1,0,1,0,0,0,0,0,1,0,4
15,o,3,2,1,-43,1.0,3,1,--,2,0,1,0,0,0,0,0,1,0,4
17,o,4,1,0,-44,0.0,0,0,--,1,1,1,0,0,0,0,0,2,1,2
23,o,1,10,2,-20,1.0,2,0,--,1,1,1,0,0,0,0,0,1,0,4
24,o,2,10,1,-20,1.0,2,0,--,2,0,1,0,0,0,0,0,1,0,4
25,o,3,10,1,-20,1.0,3,45,--,0,1,1,0,0,0,0,0,1,0,4
26,o,1,10,1,35,0.0,0,2,--,1,1,1,0,0,0,0,0,1,0,4
27,o,2,8,1,33,1.0,1,-8,--,2,1,1,0,0,0,0,0,1,0,4
28,o,3,16,1,41,1.0,2,0,--,2,1,1,0,0,0,0,0,1,0,4
37,o,1,10,2,-42,1.0,2,0,--,1,1,2,0,0,0,0,0,1,0,4
38,o,2,10,2,-42,0.0,0,0,--,0,0,2,0,0,0,0,0,2,1,2
39,o,3,10,0,-42,1.0,2,0,--,1,1,2,0,0,0,0,0,1,0,4
57,o,1,10,1,-22,0.0,0,0,--,1,0,2,0,0,0,0,0,1,0,4
58,o,2,10,1,-22,1.0,2,0,--,1,1,2,0,0,0,0,0,1,0,4
60,o,3,10,1,-22,1.0,5,--,--,1,1,2,0,0,0,1,1,1,0,4
65,o,1,10,2,-20,0.0,0,2,--,1,0,2,0,0,0,0,0,1,0,4
66,o,2,8,0,-22,1.0,3,0,--,2,1,2,0,0,0,0,0,1,0,4
67,o,3,9,2,-22,0.0,0,5,--,1,0,2,0,0,0,0,0,1,0,4
68,o,4,4,0,-27,0.0,0,1,--,--,0,2,0,0,0,0,0,0,0,0
70,o,1,10,1,-2,0.0,0,-2,--,0,1,2,0,1,0,0,1,1,0,4
75,o,1,10,1,-20,0.0,0,5,--,1,1,2,0,0,0,0,0,1,0,4
91,o,1,10,0,-20,1.0,2,0,--,2,0,3,0,0,0,0,0,1,0,4
92,o,2,10,0,-20,1.0,3,8,--,1,1,3,0,0,0,0,0,1,0,4
93,o,3,2,1,-28,1.0,2,0,--,2,1,3,0,0,0,0,0,1,0,4
94,o,4,2,1,-28,0.0,0,-2,--,2,0,3,0,0,0,0,0,1,0,4
99,o,1,10,1,-20,0.0,0,6,--,0,1,4,0,0,0,0,0,1,0,4
100,o,2,4,1,-26,0.0,0,5,--,1,1,4,0,0,0,0,0,1,0,4
101,o,1,10,1,-31,0.0,0,0,--,2,1,4,0,0,0,0,0,1,0,4
102,o,2,10,1,-31,0.0,0,-5,--,2,0,4,0,0,0,0,0,1,0,4
103,o,3,15,2,-26,1.0,2,0,--,2,1,4,0,0,0,0,0,1,0,4
109,o,1,10,2,-38,0.0,6,7,--,0,0,4,0,0,1,0,1,1,0,4
2,o,1,10,1,-38,0.0,0,3,--,1,1,1,0,0,0,0,0,1,0,4
3,o,2,7,1,-41,1.0,1,-3,--,2,1,1,0,0,0,0,0,1,0,4
4,o,3,10,1,-38,1.0,2,0,--,0,0,1,0,0,0,0,0,1,0,4
12,o,1,10,1,-39,0.0,0,2,--,1,1,1,0,0,0,0,0,1,0,4
13,o,2,8,1,-41,0.0,0,4,--,0,0,1,0,0,0,0,0,1,0,4
14,o,3,4,0,-45,0.0,0,-12,--,1,1,1,0,0,0,0,0,1,0,4
29,o,1,10,2,-40,1.0,1,-7,--,1,0,1,0,0,0,0,0,1,0,4
30,o,2,17,0,-33,1.0,2,0,--,1,1,1,0,0,0,0,0,1,0,4
31,o,3,17,0,-33,1.0,3,13,--,2,0,1,0,0,0,0,0,1,0,4
32,o,4,4,0,-46,0.0,0,0,--,1,1,1,0,0,0,0,0,2,1,2
43,o,1,10,2,-3,0.0,0,3,--,1,0,2,0,0,0,0,0,1,0,4
44,o,2,7,2,-6,0.0,0,3,--,1,0,2,0,0,0,0,0,1,0,4
46,o,3,4,2,-9,0.0,0,2,--,1,0,2,0,0,0,0,0,1,0,4
52,o,1,10,0,-19,0.0,0,-1,--,1,0,2,0,0,0,0,0,1,0,4
53,o,2,11,0,-18,0.0,0,82,--,1,1,2,1,0,0,0,0,1,0,4
70,o,1,10,1,-35,1.0,3,0,--,0,0,2,0,0,0,0,0,1,0,4
85,o,1,10,1,-17,0.0,0,4,--,0,1,3,0,0,0,0,0,1,0,4
86,o,2,6,1,-21,0.0,0,-9,--,0,1,3,0,0,0,0,0,2,1,2
88,o,3,15,1,-12,1.0,3,12,--,0,0,3,0,0,0,0,0,1,0,4
94,o,1,10,0,-20,1.0,3,17,--,1,1,3,0,0,0,0,0,1,0,4
95,o,1,10,1,-37,0.0,0,3,--,0,1,3,0,0,0,0,0,1,0,4
96,o,2,7,1,-40,1.0,3,4,--,0,0,3,0,0,0,0,0,1,0,4
97,o,3,3,0,-44,0.0,0,7,--,0,1,3,0,0,0,0,0,2,1,2
98,o,1,10,1,49,1.0,3,12,--,0,0,3,0,0,0,0,0,1,0,4
99,o,1,10,0,37,0.0,0,-3,--,1,1,3,0,0,0,0,0,2,1,2
100,o,2,13,1,40,1.0,2,0,--,0,0,4,0,0,0,0,0,1,1,3
101,o,3,13,1,40,1.0,2,0,--,0,1,4,0,0,0,0,0,1,0,4
102,o,4,13,1,40,1.0,2,0,--,0,1,4,0,0,0,0,0,1,0,4
114,o,1,10,1,-7,1.0,2,0,--,0,0,4,0,0,0,0,0,1,0,4
115,o,2,10,2,-7,0.0,0,-3,--,0,1,4,0,0,0,0,0,1,0,4
116,o,3,13,2,-4,1.0,3,12,--,0,1,4,0,0,0,0,0,1,0,4
117,o,4,1,1,-16,1.0,2,0,--,0,0,4,0,0,0,0,0,1,0,4
123,o,1,10,1,-22,1.0,3,35,--,0,0,4,0,0,0,0,0,1,0,4
124,o,1,10,1,43,1.0,8,-15,--,2,1,4,0,0,0,0,0,1,0,4
125,o,1,25,1,-42,0.0,0,25,--,0,0,4,0,0,0,0,0,1,0,4
126,o,1,10,1,33,1.0,5,16,--,0,0,4,0,0,0,1,1,1,1,3
127,o,1,10,2,17,0.0,0,5,--,0,0,4,0,0,0,0,0,1,0,4
129,o,3,10,0,12,1.0,3,12,--,2,1,4,1,0,0,0,0,1,0,4
2,o,1,10,1,-35,1.0,2,0,--,2,1,1,0,0,0,0,0,1,0,4
3,o,2,10,1,-35,0.0,0,4,--,0,0,1,0,0,0,0,0,2,1,2
4,o,3,6,2,-39,0.0,0,0,--,0,1,1,0,0,0,0,0,1,1,3
11,o,1,10,1,-25,0.0,0,5,--,0,0,1,0,0,0,0,0,1,0,4
12,o,2,5,1,-30,0.0,6,0,--,0,0,1,0,0,1,0,1,1,0,4
17,o,1,10,0,-21,0.0,0,27,--,0,1,1,0,0,0,0,0,1,0,4
18,o,1,10,1,-48,0.0,0,4,--,1,0,1,0,0,0,0,0,1,1,3
19,o,2,6,0,48,0.0,0,15,--,0,0,1,0,0,0,0,0,1,0,4
20,o,1,10,0,33,0.0,0,14,--,0,1,1,0,0,0,0,0,2,1,2
21,o,1,10,1,19,0.0,0,-1,--,1,0,1,0,0,0,0,0,2,1,2
22,o,2,11,2,20,0.0,0,11,--,2,0,1,0,0,0,0,0,1,0,4
23,o,1,9,0,9,0.0,0,2,--,2,0,1,0,0,0,0,0,1,0,4
24,o,2,7,0,7,0.0,0,7,--,0,0,1,1,0,0,0,0,2,1,2
34,o,1,10,1,46,0.0,0,7,--,1,0,1,0,0,0,0,0,1,0,4
35,o,2,3,0,39,0.0,0,3,--,1,0,1,0,0,0,0,0,2,1,2
36,o,1,10,0,36,0.0,0,5,--,0,1,2,0,0,0,0,0,2,1,2
37,o,2,5,0,31,0.0,0,-1,--,2,0,2,0,0,0,0,0,1,0,4
38,o,3,6,0,32,0.0,0,24,--,2,1,2,0,0,0,0,0,1,0,4
39,o,1,8,0,8,0.0,8,-12,--,0,1,2,0,0,0,0,0,1,0,4
40,o,2,20,0,20,1.0,2,0,--,1,0,2,0,0,0,0,0,1,0,4
41,o,3,20,0,20,1.0,9,9,--,1,0,2,0,0,0,0,0,1,0,4
42,o,4,11,0,11,1.0,5,0,--,0,0,2,0,0,0,1,1,1,1,3
49,o,1,10,1,6,0.0,0,6,--,0,1,2,1,0,0,0,0,2,1,2
56,o,1,4,1,4,0.0,0,4,--,1,1,2,1,0,0,0,0,2,1,2
73,o,1,10,0,48,0.0,0,2,--,0,1,2,0,0,0,0,0,2,1,2
74,o,2,8,2,46,0.0,0,1,--,1,1,2,0,0,0,0,0,2,1,2
75,o,3,7,2,45,1.0,5,0,--,2,0,2,0,0,0,1,1,1,0,4
77,o,2,2,0,45,1.0,3,36,--,1,0,2,0,0,0,0,0,1,0,4
78,o,1,9,0,9,0.0,0,8,--,0,1,2,0,0,0,0,0,1,0,4
79,o,2,1,1,1,0.0,0,0,--,1,1,2,0,0,0,0,0,2,1,2
80,o,3,1,1,1,0.0,0,1,--,1,0,2,1,0,0,0,0,2,1,2
89,o,1,10,1,-21,0.0,0,13,--,0,0,3,0,0,0,0,0,2,1,2
90,o,1,10,0,-34,0.0,0,66,--,1,1,3,1,0,0,0,0,2,1,2
97,o,1,10,1,-11,0.0,0,4,--,0,0,3,0,0,0,0,0,2,1,2
98,o,2,6,0,-15,0.0,0,1,--,0,0,3,0,0,0,0,0,0,0,0
99,o,3,5,0,-16,0.0,0,7,--,2,1,3,0,0,0,0,0,1,0,4
100,o,1,10,2,-23,0.0,0,4,--,0,0,3,0,0,0,0,0,2,1,2
101,o,2,6,0,-27,,8,-5,--,0,--,3,0,0,0,0,0,2,1,2
102,o,2,11,0,-22,1.0,1,-10,--,0,1,3,0,0,0,0,0,2,1,2
103,o,3,21,1,-12,1.0,2,0,--,0,0,3,0,0,0,0,0,2,0,3
109,o,1,10,1,-49,0.0,0,2,--,1,0,3,0,0,0,0,0,1,0,4
110,o,2,8,2,49,1.0,3,18,--,1,0,3,0,0,0,0,0,1,0,4
111,o,1,10,0,31,0.0,0,7,--,1,0,3,0,0,0,0,0,1,0,4
112,o,2,3,0,24,0.0,8,0,--,0,0,3,0,0,0,0,0,2,0,3
113,o,2,3,0,24,0.0,0,24,--,0,0,3,1,0,0,0,0,2,1,2
127,o,1,10,0,-33,0.0,0,11,--,0,0,4,0,0,0,0,0,2,0,3
128,o,1,10,0,-44,0.0,0,-5,--,1,1,4,0,0,0,0,0,2,1,2
129,o,2,15,2,-39,0.0,0,2,--,1,1,4,0,0,0,0,0,2,1,2
130,o,3,13,2,-41,1.0,3,32,--,0,1,4,0,0,0,0,0,1,0,4
131,o,1,10,1,27,0.0,0,-6,--,1,0,4,0,0,0,0,0,2,0,3
132,o,2,16,2,33,0.0,0,-2,--,0,0,4,0,0,0,0,0,1,0,4
133,o,3,18,2,35,1.0,2,0,--,2,1,4,0,0,0,0,0,1,0,4
139,o,1,10,1,32,0.0,0,5,--,1,1,4,0,0,0,0,0,2,1,2
140,o,2,5,1,27,0.0,0,4,--,--,1,4,0,0,0,0,0,0,0,0
141,o,3,1,1,23,0.0,0,3,--,--,0,4,0,0,0,0,0,0,0,0
142,o,1,10,2,20,0.0,0,11,--,1,1,4,0,0,0,0,0,1,1,3
143,o,1,9,1,9,0.0,0,-5,--,1,1,4,0,0,0,0,0,2,1,2
144,o,2,14,1,14,0.0,0,10,--,1,1,4,0,0,0,0,0,2,1,2
145,o,3,4,1,4,0.0,0,4,--,0,1,4,1,0,0,0,0,2,1,2
151,o,1,10,1,-28,,--,0,--,2,--,4,0,0,0,0,0,1,2,2
152,o,2,10,1,-28,0.0,0,--,--,2,0,4,0,0,0,0,0,1,2,2
10,o,1,10,1,-40,0.0,0,-5,--,2,0,1,0,0,0,0,0,1,0,4
11,o,2,15,0,-35,0.0,0,5,--,1,1,1,0,0,0,0,0,1,0,4
12,o,3,10,1,-40,0.0,0,15,--,0,1,1,0,0,0,0,0,1,2,2
13,o,1,10,1,45,0.0,0,3,--,1,0,1,0,0,0,0,0,1,0,4
14,o,2,7,0,42,0.0,0,1,--,0,0,1,0,0,0,0,0,1,2,2
15,o,3,6,0,41,1.0,5,--,--,1,1,1,0,0,0,1,1,1,0,4
22,o,1,10,2,-25,0.0,0,3,--,2,0,1,0,0,0,0,0,1,0,4
23,o,2,7,2,-28,0.0,0,-1,--,0,1,1,0,0,0,0,0,1,0,4
24,o,3,8,1,-27,0.0,0,5,--,0,1,1,0,0,0,0,0,1,0,4
42,o,1,10,1,-5,0.0,0,7,--,2,1,2,0,0,0,0,0,1,0,4
43,o,2,3,1,-12,0.0,0,9,--,0,1,2,0,0,0,0,0,1,0,4
44,o,1,10,1,-21,0.0,0,-9,--,1,1,2,0,0,0,0,0,1,1,3
45,o,2,19,1,-12,0.0,8,-5,--,1,1,2,0,0,0,0,0,1,0,4
46,o,2,24,1,-7,0.0,0,-4,--,0,0,2,0,0,0,0,0,1,0,4
47,o,3,28,1,-3,0.0,0,7,--,0,1,2,0,0,0,0,0,1,0,4
56,o,1,10,0,-42,0.0,0,7,--,2,1,2,0,0,0,0,0,1,0,4
57,o,2,3,1,-49,0.0,8,-10,--,0,1,2,0,0,0,0,0,1,0,4
58,o,2,13,1,-39,0.0,0,-4,--,0,0,2,0,0,0,0,0,1,0,4
59,o,3,17,1,-35,0.0,8,-5,--,0,1,2,0,0,0,0,0,1,0,4
60,o,3,22,1,-30,0.0,0,23,--,0,0,2,0,0,0,0,0,1,0,4
61,o,1,10,0,47,1.0,2,0,--,2,0,2,0,0,0,0,0,1,0,4
62,o,2,10,0,47,1.0,2,0,--,2,1,2,0,0,0,0,0,1,0,4
63,o,3,10,0,47,0.0,8,-5,--,2,0,2,0,0,0,0,0,1,0,4
67,o,1,10,1,-39,0.0,0,-16,--,0,1,3,0,0,0,0,0,0,0,5
68,o,2,26,1,-23,0.0,0,2,--,1,0,3,0,0,0,0,0,1,0,4
69,o,3,24,0,-25,0.0,0,3,--,2,1,3,0,0,0,0,0,1,0,4
78,o,1,10,2,-21,0.0,0,1,--,0,0,3,0,0,0,0,0,1,0,4
79,o,2,9,2,-22,0.0,0,20,--,1,0,3,0,0,0,0,0,1,0,4
80,o,1,10,2,-42,0.0,0,29,--,0,1,3,0,0,0,0,0,1,0,4
81,o,1,10,1,29,0.0,0,3,--,1,1,3,0,0,0,0,0,1,0,4
82,o,2,7,1,26,0.0,0,1,--,2,1,3,0,0,0,0,0,1,0,4
83,o,3,6,1,25,0.0,0,0,--,2,1,3,0,0,0,0,0,1,1,3
84,o,4,6,1,25,,8,-5,--,1,--,3,0,0,0,0,0,1,1,3
85,o,4,11,1,30,,8,-5,--,1,--,3,0,0,0,0,0,1,1,3
93,o,1,10,2,40,0.0,0,3,--,2,1,3,0,0,0,0,0,1,1,3
94,o,2,7,2,37,1.0,3,20,--,1,0,3,0,0,0,0,0,1,1,3
95,o,1,10,0,17,0.0,0,-1,--,1,1,3,0,0,0,0,0,1,0,4
96,o,2,11,0,18,0.0,6,0,--,1,0,4,0,0,1,0,1,1,0,4
98,o,1,10,0,31,0.0,0,2,--,--,1,4,0,0,0,0,0,0,0,0
99,o,2,8,1,29,0.0,8,-8,--,2,1,4,0,0,0,0,0,1,1,3
100,o,2,16,1,37,1.0,8,0,--,1,1,4,0,0,0,0,0,1,1,3
101,o,2,16,1,37,0.0,0,10,--,0,1,4,0,0,0,0,0,1,0,4
102,o,3,6,1,27,1.0,2,0,--,0,1,4,0,0,0,0,0,1,0,4
103,o,4,6,1,27,1.0,5,--,--,2,0,4,0,0,0,1,1,1,2,2
120,o,1,10,0,48,0.0,0,9,--,1,1,4,0,0,0,0,0,1,0,4
121,o,2,1,1,39,1.0,3,7,--,0,0,4,0,0,0,0,0,1,0,4
122,o,1,10,0,32,1.0,2,0,--,1,1,4,0,0,0,0,0,1,0,4
123,o,2,10,2,32,0.0,0,0,--,1,1,4,0,0,0,0,0,1,0,4
124,o,3,10,1,32,0.0,0,17,--,0,1,4,0,0,0,0,0,1,0,4
125,o,1,10,1,15,1.0,2,0,--,--,0,4,0,0,0,0,0,0,0,0
126,o,2,10,1,15,0.0,0,8,--,2,1,4,0,0,0,0,0,1,0,4
127,o,3,2,1,7,1.0,2,0,--,2,0,4,0,0,0,0,0,1,2,2
128,o,4,2,2,7,0.0,0,6,--,0,0,4,0,0,0,0,0,1,0,4
129,o,1,1,2,1,0.0,0,1,--,2,1,4,1,0,0,0,0,1,1,3
137,o,1,10,1,49,1.0,8,-5,--,0,0,4,0,0,0,0,0,1,0,4
138,o,1,15,2,-46,0.0,0,4,--,1,0,4,0,0,0,0,0,1,0,4
139,o,2,11,0,50,1.0,3,8,--,1,1,4,0,0,0,0,0,1,0,4
140,o,3,3,1,42,1.0,2,0,--,0,1,4,0,0,0,0,0,1,0,4
141,o,4,3,1,42,0.0,0,13,--,1,0,4,0,0,0,0,0,1,1,3
142,o,1,10,0,29,1.0,3,26,--,0,1,4,0,0,0,0,0,1,0,4
143,o,1,10,2,3,1.0,5,--,--,0,0,4,0,0,0,1,1,0,0,0
12,o,1,10,0,-20,0.0,0,40,--,0,1,1,0,0,0,0,0,1,0,4
13,o,1,10,1,40,0.0,0,-3,--,1,0,1,0,0,0,0,0,1,1,3
14,o,2,13,1,43,0.0,0,4,--,0,0,1,0,0,0,0,0,1,1,3
15,o,3,9,2,39,0.0,0,8,--,1,1,1,0,0,0,0,0,1,1,3
16,o,4,1,1,31,0.0,0,-5,--,0,1,1,0,0,0,0,0,1,0,4
23,o,1,10,1,-35,0.0,0,1,--,1,0,1,0,0,0,0,0,1,0,4
24,o,2,9,0,-36,0.0,0,2,--,2,1,1,0,0,0,0,0,1,0,4
25,o,3,7,1,-38,1.0,3,40,--,0,1,1,0,0,0,0,0,1,0,4
26,o,1,10,1,22,0.0,0,5,--,2,1,1,0,0,0,0,0,1,0,4
27,o,2,5,1,17,0.0,0,-3,--,0,0,1,0,0,0,0,0,1,0,4
28,o,3,8,2,20,0.0,0,4,--,0,0,2,0,0,0,0,0,1,1,3
29,o,4,4,0,16,1.0,2,0,--,1,1,2,0,0,0,0,0,1,1,3
34,o,1,10,1,-49,0.0,0,2,--,1,0,2,0,0,0,0,0,1,0,4
35,o,2,8,2,49,0.0,0,-1,--,2,1,2,0,0,0,0,0,1,0,4
36,o,3,9,2,50,0.0,0,4,--,0,0,2,0,0,0,0,0,1,1,3
43,o,1,10,0,-10,0.0,0,19,--,0,0,2,0,0,0,0,0,1,0,4
44,o,1,10,0,-29,,8,-5,--,0,--,2,0,0,0,0,0,1,0,4
45,o,1,15,0,-24,,8,-5,--,1,--,2,0,0,0,0,0,1,1,3
46,o,1,20,0,-19,1.0,3,5,--,1,1,2,0,0,0,0,0,1,0,4
47,o,2,15,1,-24,1.0,2,0,--,0,0,2,0,0,0,0,0,1,1,3
48,o,3,15,1,-24,0.0,0,2,--,1,0,2,0,0,0,0,0,1,0,4
57,o,1,10,1,-22,1.0,1,0,--,2,0,2,0,0,0,0,0,1,0,4
59,o,1,10,1,-29,0.0,0,-4,--,1,1,3,0,0,0,0,0,1,0,4
60,o,2,14,1,-25,0.0,0,-6,--,1,0,3,0,0,0,0,0,1,0,4
61,o,3,20,0,-19,0.0,0,4,--,0,1,3,0,0,0,0,0,1,0,4
68,o,1,10,2,-21,0.0,0,13,--,1,1,3,0,0,0,0,0,1,0,4
69,o,1,10,1,-34,0.0,0,-1,--,0,0,3,0,0,0,0,0,1,0,4
70,o,2,11,0,-33,0.0,0,-9,--,0,1,3,0,0,0,0,0,1,0,4
79,o,1,10,2,-32,0.0,0,4,--,1,0,3,0,0,0,0,0,2,0,3
80,o,2,6,0,-36,0.0,0,2,--,1,1,3,0,0,0,0,0,1,0,4
81,o,3,4,2,-38,1.0,3,2,--,0,0,3,0,0,0,0,0,1,0,4
82,o,4,2,0,-40,0.0,0,-5,--,1,0,3,0,0,0,0,0,2,1,2
87,o,1,10,1,-34,0.0,0,0,--,--,1,4,0,0,0,0,0,0,0,0
88,o,2,10,1,-34,0.0,0,-5,--,0,0,4,0,0,0,0,0,1,0,4
89,o,3,15,1,-29,0.0,0,4,--,0,0,4,0,0,0,0,0,1,1,3
100,o,1,10,0,-24,1.0,2,0,--,0,1,4,0,0,0,0,0,1,0,4
101,o,2,10,0,-24,0.0,0,-1,--,0,0,4,0,0,0,0,0,1,0,4
102,o,3,11,0,-23,1.0,2,0,--,1,1,4,0,0,0,0,0,2,1,2
2,o,1,10,1,-30,0.0,0,-3,--,0,0,1,0,0,0,0,0,2,1,2
3,o,2,13,0,-27,0.0,0,8,--,0,1,1,0,0,0,0,0,2,1,2
4,o,3,5,0,-35,0.0,0,3,--,0,0,1,0,0,0,0,0,1,1,3
14,o,1,10,2,-30,1.0,8,5,--,2,1,1,0,0,0,0,0,1,0,4
15,o,2,5,2,-35,0.0,0,1,--,0,0,1,0,0,0,0,0,1,0,4
16,o,3,4,0,-36,0.0,0,6,--,2,0,1,0,0,0,0,0,1,1,3
17,o,1,10,0,-42,0.0,0,5,--,0,0,1,0,0,0,0,0,2,1,2
18,o,2,5,0,-47,0.0,0,4,--,1,1,1,0,0,0,0,0,2,1,2
19,o,3,1,0,49,0.0,0,6,--,0,1,1,0,0,0,0,0,2,1,2
20,o,1,10,0,43,1.0,3,0,--,1,0,1,0,0,0,0,0,1,0,4
21,o,2,10,0,43,,8,-5,--,0,--,1,0,0,0,0,0,1,0,4
22,o,2,15,2,48,0.0,0,2,--,1,0,1,0,0,0,0,0,2,1,2
23,o,3,13,0,46,1.0,9,13,--,1,0,1,0,0,0,0,0,1,0,4
24,o,1,10,0,33,0.0,0,8,--,0,0,1,0,0,0,0,0,2,1,2
25,o,2,2,0,25,0.0,0,-10,--,2,0,1,0,0,0,0,0,1,0,4
26,o,3,12,0,35,1.0,5,0,--,1,1,2,0,0,0,1,1,1,1,3
35,o,1,10,2,20,0.0,6,-3,--,1,0,2,0,0,1,0,1,1,2,2
44,o,1,10,0,-38,0.0,0,0,--,1,0,2,0,0,0,0,0,2,1,2
45,o,2,10,0,-38,1.0,2,0,--,0,1,2,0,0,0,0,0,2,1,2
46,o,3,10,2,-38,0.0,0,62,--,2,1,2,1,0,0,0,0,1,0,4
55,o,1,10,2,-30,1.0,2,0,--,2,1,2,0,0,0,0,0,1,0,4
56,o,2,10,2,-30,0.0,0,4,--,2,0,2,0,0,0,0,0,1,0,4
57,o,3,6,0,-34,0.0,0,11,--,1,1,2,0,0,0,0,0,2,1,2
58,o,1,10,2,-45,,8,5,--,1,--,2,0,0,0,0,0,0,0,0
59,o,1,5,2,50,1.0,3,50,--,2,0,2,1,0,0,0,0,1,0,4
68,o,1,10,2,-15,0.0,0,2,--,1,1,3,0,0,0,0,0,2,1,2
69,o,2,8,2,-17,0.0,0,31,--,2,0,3,0,0,0,0,0,1,0,4
70,o,1,10,0,-48,0.0,0,1,--,2,0,3,0,0,0,0,0,1,0,4
71,o,2,9,0,-49,0.0,0,11,--,1,1,3,0,0,0,0,0,1,0,4
72,o,1,10,1,40,0.0,0,7,--,0,0,3,0,0,0,0,0,1,1,3
73,o,2,3,2,33,0.0,0,0,--,0,0,3,0,0,0,0,0,1,1,3
74,o,3,3,0,33,0.0,0,3,--,0,1,3,0,0,0,0,0,1,1,3
75,o,1,10,0,30,0.0,0,8,--,0,1,3,0,0,0,0,0,2,1,2
76,o,2,2,1,22,0.0,0,-1,--,0,0,3,0,0,0,0,0,1,0,4
77,o,3,3,2,23,0.0,0,0,--,0,1,3,0,0,0,0,0,1,0,4
78,o,4,3,1,23,0.0,0,23,--,0,0,3,1,0,0,0,0,2,1,2
82,o,1,10,1,35,0.0,0,1,--,1,1,3,0,0,0,0,0,2,1,2
83,o,2,9,1,34,0.0,0,8,--,1,0,3,0,0,0,0,0,1,1,3
84,o,3,1,0,26,0.0,0,3,--,1,1,3,0,0,0,0,0,2,1,2
85,o,1,10,2,23,0.0,0,9,--,0,0,3,0,0,0,0,0,2,1,2
86,o,2,1,0,14,0.0,0,8,--,2,0,3,0,0,0,0,0,1,0,4
87,o,1,6,0,6,0.0,0,4,--,1,1,3,0,0,0,0,0,1,0,4
88,o,2,2,0,2,,8,-5,--,1,--,3,0,0,0,0,0,1,0,4
89,o,2,7,0,7,1.0,2,0,--,0,1,3,0,0,0,0,0,2,1,2
90,o,3,7,0,7,0.0,0,5,--,0,0,3,0,0,0,0,0,2,1,2
91,o,4,2,0,2,0.0,0,2,--,1,0,4,1,0,0,0,0,1,0,4
96,o,1,10,2,33,1.0,3,3,--,2,1,4,0,0,0,0,0,1,0,4
97,o,2,7,1,30,0.0,0,-1,--,0,0,4,0,0,0,0,0,2,1,2
98,o,3,8,2,31,1.0,2,0,--,1,0,4,0,0,0,0,0,1,0,4
99,o,4,8,2,31,1.0,8,14,--,1,1,4,0,0,0,0,0,1,0,4
100,o,1,10,2,17,0.0,0,2,--,0,0,4,0,0,0,0,0,1,0,4
101,o,2,8,2,15,1.0,2,0,--,2,0,4,0,0,0,0,0,1,0,4
102,o,3,8,2,15,1.0,9,12,--,2,1,4,0,0,0,0,0,1,0,4
103,o,1,3,1,3,0.0,8,-16,--,1,1,4,0,0,0,0,0,2,1,2
104,o,1,19,1,19,1.0,2,0,--,0,0,4,0,0,0,0,0,1,1,3
105,o,2,19,1,19,0.0,0,6,--,2,1,4,0,0,0,0,0,1,0,4
106,o,3,13,1,13,1.0,8,-5,--,0,0,4,0,0,0,0,0,1,1,3
109,o,1,10,1,30,0.0,0,6,--,1,1,4,0,0,0,0,0,2,1,2
110,o,2,4,1,24,0.0,0,10,--,0,0,4,0,0,0,0,0,1,0,4
111,o,1,10,0,14,1.0,3,3,--,0,1,4,0,0,0,0,0,2,1,2
112,o,2,7,2,11,0.0,0,1,--,1,1,4,0,0,0,0,0,2,1,2
113,o,3,6,1,10,0.0,0,5,--,1,0,4,0,0,0,0,0,1,0,4
114,o,4,1,2,5,0.0,0,3,--,1,0,4,0,0,0,0,0,1,0,4
115,o,1,2,0,2,0.0,0,2,--,1,0,4,1,0,0,0,0,1,0,4
123,o,1,10,1,-45,0.0,0,2,--,0,0,4,0,0,0,0,0,2,1,2
124,o,2,8,2,-47,0.0,0,2,--,1,1,4,0,0,0,0,0,2,1,2
125,o,3,4,2,-49,0.0,0,4,--,1,1,4,0,0,0,0,0,1,0,4
12,o,1,10,1,-9,0.0,0,6,--,1,0,1,0,0,0,0,0,1,2,2
13,o,2,4,1,-15,0.0,0,0,11,1,0,1,0,0,0,0,0,1,2,2
14,o,3,4,2,-15,1.0,3,17,11,0,0,1,0,0,0,0,0,1,2,2
15,o,1,10,0,-32,0.0,0,6,--,1,1,1,0,0,0,0,0,1,2,2
16,o,2,4,0,-38,0.0,0,8,11,0,1,1,0,0,0,0,0,1,2,2
17,o,1,10,2,-46,0.0,0,-1,1,0,0,1,0,0,0,0,0,1,2,2
18,o,2,11,2,-45,0.0,0,3,3,1,1,1,0,0,0,0,0,1,2,2
19,o,3,8,1,-48,1.0,1,-4,11,0,0,1,0,0,0,0,0,1,2,2
30,o,1,10,2,-20,0.0,0,3,--,1,0,2,0,0,0,0,0,1,0,4
31,o,2,7,0,-23,1.0,2,0,11,1,1,2,0,0,0,0,0,1,0,4
32,o,3,7,0,-23,1.0,3,5,5,1,1,2,0,0,0,0,0,1,0,4
36,o,1,10,0,-14,0.0,0,3,11,1,1,2,0,0,0,0,0,1,2,2
37,o,2,7,0,-17,0.0,0,2,11,1,1,2,0,0,0,0,0,1,2,2
38,o,3,5,2,-19,0.0,0,12,11,1,1,2,0,0,0,0,0,1,0,4
39,o,1,10,0,-31,0.0,0,-2,3,0,0,2,0,0,0,0,0,1,2,2
40,o,2,12,0,-29,1.0,3,7,11,1,1,2,0,0,0,0,0,1,0,4
41,o,3,5,1,-36,1.0,2,0,11,0,0,2,0,0,0,0,0,1,0,4
51,o,1,10,2,-32,0.0,0,7,11,1,0,2,0,0,0,0,0,1,2,2
52,o,2,3,0,-39,0.0,0,-1,1,1,1,2,0,0,0,0,0,1,2,2
53,o,3,4,2,-38,1.0,8,-10,11,1,0,2,0,0,0,0,0,1,2,2
54,o,3,14,0,-28,1.0,2,0,11,1,1,2,0,0,0,0,0,1,0,4
70,o,1,10,0,-27,0.0,0,-4,--,1,1,3,0,0,0,0,0,1,2,2
71,o,2,14,2,-23,1.0,2,0,3,0,1,3,0,0,0,0,0,1,2,2
72,o,3,14,2,-23,1.0,2,0,11,1,0,3,0,0,0,0,0,1,0,4
80,o,1,10,0,-26,1.0,2,0,11,1,1,3,0,0,0,0,0,1,0,4
81,o,2,10,0,-26,1.0,2,0,11,1,1,3,0,0,0,0,0,1,0,4
82,o,3,10,0,-26,1.0,3,5,11,1,1,3,0,0,0,0,0,1,2,2
97,o,1,10,0,-30,0.0,0,9,7,1,1,3,0,0,0,0,0,1,2,2
98,o,2,1,1,-39,0.0,8,12,11,0,0,3,0,0,0,0,0,1,2,2
99,o,1,10,0,49,0.0,0,2,--,1,0,3,0,0,0,0,0,1,2,2
100,o,2,8,0,47,1.0,2,0,11,0,0,4,0,0,0,0,0,1,2,2
101,o,3,8,0,47,1.0,2,0,11,1,1,4,0,0,0,0,0,1,0,4
103,o,4,8,0,47,1.0,1,-6,11,0,0,4,0,0,0,0,0,1,0,4
112,o,1,10,2,-32,0.0,0,-2,3,0,0,4,0,0,0,0,0,1,2,2
113,o,2,12,0,-30,0.0,0,0,7,1,1,4,0,0,0,0,0,1,2,2
114,o,3,12,2,-30,1.0,2,0,11,2,0,4,0,0,0,0,0,1,1,3
2,o,1,10,0,-40,0.0,0,16,0,1,1,1,0,0,0,0,0,1,0,4
3,o,1,10,2,44,1.0,2,0,4,0,0,1,0,0,0,0,0,1,1,3
4,o,2,10,2,44,0.0,0,26,3,0,1,1,0,0,0,0,0,2,1,2
5,o,1,10,1,18,1.0,2,0,11,0,0,1,0,0,0,0,0,1,0,4
6,o,2,10,1,18,0.0,0,3,3,0,0,1,0,0,0,0,0,1,0,4
7,o,3,7,0,15,1.0,2,0,5,1,1,1,0,0,0,0,0,0,2,3
8,o,4,7,0,15,1.0,9,10,11,0,1,1,0,0,0,0,0,1,0,4
9,o,1,5,1,5,1.0,5,--,11,0,0,1,0,0,0,1,1,1,0,4
27,o,1,10,2,-20,0.0,0,3,--,1,1,1,0,0,0,0,0,1,0,4
28,o,2,7,2,-23,0.0,0,2,11,0,0,1,0,0,0,0,0,1,0,4
29,o,3,5,2,-25,1.0,3,4,11,1,1,1,0,0,0,0,0,0,2,3
43,o,1,10,2,-28,0.0,0,1,7,0,1,2,0,0,0,0,0,1,0,4
44,o,2,9,2,-29,1.0,2,0,11,1,1,2,0,0,0,0,0,1,0,4
45,o,3,9,2,-29,1.0,8,15,11,0,0,2,0,0,0,0,0,1,1,3
46,o,1,10,0,-44,0.0,0,-1,0,1,1,2,0,0,0,0,0,1,0,4
47,o,2,11,2,-43,0.0,0,-3,7,0,1,2,0,0,0,0,0,2,1,2
48,o,3,14,2,-40,1.0,2,0,11,0,0,2,0,0,0,0,0,1,1,3
54,o,1,10,2,48,1.0,3,40,3,1,0,2,0,0,0,0,0,1,0,4
55,o,1,8,0,8,0.0,0,3,3,0,1,2,0,0,0,0,0,1,1,3
56,o,2,5,1,5,0.0,0,-2,7,0,0,2,0,0,0,0,0,2,1,2
57,o,3,7,2,7,1.0,8,-10,11,1,0,2,0,0,0,0,0,1,0,4
58,o,3,17,2,17,1.0,2,0,5,0,1,2,0,0,0,0,0,1,0,4
59,o,4,17,2,17,1.0,2,0,11,0,1,2,0,0,0,0,0,0,2,3
69,o,1,10,0,-18,0.0,0,20,3,0,1,2,0,0,0,0,0,1,1,3
70,o,1,10,1,-38,1.0,2,0,11,0,1,2,0,0,0,0,0,0,2,3
71,o,2,10,1,-38,1.0,1,-5,11,0,0,2,0,0,0,0,0,0,2,3
72,o,3,15,0,-33,0.0,0,0,--,0,1,2,0,0,0,0,0,1,0,4
82,o,1,10,0,-32,0.0,0,2,2,0,1,3,0,0,0,0,0,1,1,3
83,o,2,8,2,-34,1.0,1,--,11,0,1,3,0,0,1,0,1,1,0,4
87,o,1,10,0,-35,0.0,0,0,1,1,0,3,0,0,0,0,0,1,0,4
88,o,2,10,0,-35,0.0,0,65,10,1,1,3,1,0,0,0,0,0,2,3
99,o,1,10,0,-44,1.0,5,--,8,0,0,3,0,0,0,1,1,1,0,4
109,o,1,10,0,36,0.0,0,0,3,1,0,4,0,0,0,0,0,1,0,4
110,o,2,10,0,36,1.0,2,0,5,1,1,4,0,0,0,0,0,0,2,3
111,o,3,10,0,36,1.0,2,0,11,1,1,4,0,0,0,0,0,0,2,3
112,o,4,10,0,36,1.0,2,0,11,1,0,4,0,0,0,0,0,0,2,3
118,o,1,10,1,-9,0.0,0,0,--,1,1,4,0,0,0,0,0,1,0,4
119,o,2,10,2,-9,0.0,0,6,3,0,0,4,0,0,0,0,0,1,0,4
120,o,3,4,0,-15,1.0,5,--,11,0,1,4,0,0,0,1,1,1,0,4
125,o,1,10,0,-35,0.0,0,2,1,0,0,4,0,0,0,0,0,1,0,4
126,o,2,8,0,-37,0.0,0,10,--,1,0,4,0,0,0,0,0,1,1,3
127,o,1,10,0,-47,0.0,0,6,--,1,1,4,0,0,0,0,0,1,1,3
128,o,2,4,2,47,0.0,0,3,0,1,1,4,0,0,0,0,0,1,1,3
129,o,3,1,2,44,0.0,6,--,11,2,0,4,0,0,1,0,1,1,2,2
7,o,1,10,1,47,0.0,0,-5,--,2,0,1,0,0,0,0,0,1,0,4
8,o,2,15,2,-48,0.0,0,2,--,0,1,1,0,0,0,0,0,2,1,2
9,o,3,13,1,50,1.0,2,0,--,0,0,1,0,0,0,0,0,1,0,4
14,o,1,10,1,-22,0.0,0,78,--,0,0,1,1,0,0,0,0,1,0,4
24,o,1,10,2,-14,0.0,0,27,--,0,1,1,0,0,0,0,0,1,0,4
25,o,1,10,1,-41,0.0,0,-7,--,--,0,1,0,0,0,0,0,0,0,0
26,o,2,17,1,-34,0.0,0,6,--,0,0,1,0,0,0,0,0,1,0,4
27,o,3,11,0,-40,0.0,0,10,--,1,1,1,0,0,0,0,0,2,1,2
28,o,4,1,0,50,0.0,0,1,--,1,1,1,0,0,0,0,0,2,1,2
29,o,1,10,2,49,1.0,3,-3,--,1,0,1,0,0,0,0,0,1,1,3
30,o,2,13,2,-48,0.0,0,12,--,0,1,1,0,0,0,0,0,1,0,4
31,o,3,1,1,40,0.0,0,-6,--,0,0,1,0,0,0,0,0,0,0,0
32,o,4,7,0,46,0.0,0,7,--,1,1,1,0,0,0,0,0,1,0,4
33,o,1,10,0,39,0.0,0,3,--,1,1,2,0,0,0,0,0,2,1,2
34,o,2,7,2,36,1.0,8,-14,--,2,0,2,0,0,0,0,0,1,0,4
35,o,3,21,2,50,0.0,0,-6,--,0,0,2,0,0,0,0,0,1,0,4
45,o,1,10,1,-39,0.0,0,1,--,2,0,2,0,0,0,0,0,1,2,2
46,o,2,9,2,-40,0.0,0,8,--,0,0,2,0,0,0,0,0,2,1,2
47,o,3,1,2,-48,0.0,0,0,--,0,0,2,0,0,0,0,0,2,1,2
48,o,4,1,2,-48,0.0,0,3,--,0,0,2,0,0,0,0,0,2,1,2
49,o,1,10,0,49,0.0,0,-7,--,1,0,2,0,0,0,0,0,1,0,4
50,o,2,17,0,-44,0.0,0,2,--,2,0,2,0,0,0,0,0,1,0,4
51,o,3,15,0,-46,1.0,2,0,--,1,1,2,0,0,0,0,0,1,0,4
58,o,1,10,2,-20,0.0,0,-12,--,1,0,2,0,0,0,0,0,2,0,3
59,o,2,22,0,-8,0.0,8,0,--,1,1,2,0,0,0,0,0,2,0,3
60,o,2,22,0,-8,1.0,3,5,--,1,1,2,0,0,0,0,0,2,0,3
62,o,3,17,0,-13,0.0,0,11,--,1,1,2,0,0,0,0,0,2,0,3
69,o,1,10,1,-20,0.0,0,1,--,0,0,2,0,0,0,0,0,1,0,4
70,o,2,9,0,-21,0.0,0,34,--,1,0,2,0,0,0,0,0,1,1,3
71,o,1,10,0,45,1.0,1,-5,--,1,0,2,0,0,0,0,0,1,0,4
72,o,2,15,0,50,0.0,0,-5,--,1,1,2,0,0,0,0,0,1,0,4
73,o,3,20,2,-45,1.0,2,0,--,1,1,2,0,0,0,0,0,1,0,4
78,o,1,10,1,-20,0.0,0,6,--,1,0,3,0,0,0,0,0,1,0,4
79,o,2,4,0,-26,0.0,0,2,--,0,1,3,0,0,0,0,0,1,0,4
80,o,3,2,0,-28,0.0,0,3,--,0,0,3,0,0,0,0,0,1,0,4
81,o,1,10,0,-31,0.0,0,3,--,0,0,3,0,0,0,0,0,1,0,4
82,o,2,7,0,-34,0.0,0,3,--,1,1,3,0,0,0,0,0,1,0,4
83,o,3,4,2,-37,0.0,0,8,--,--,0,3,0,0,0,0,0,0,0,0
84,o,1,10,0,-45,0.0,0,2,--,1,1,3,0,0,0,0,0,2,1,2
85,o,2,8,2,-47,0.0,0,4,--,0,1,3,0,0,0,0,0,0,0,0
86,o,3,4,1,49,0.0,0,1,--,1,0,3,0,0,0,0,0,2,1,2
87,o,4,3,0,48,0.0,0,0,--,0,0,3,0,0,0,0,0,2,1,2
97,o,1,10,2,-31,1.0,2,0,--,1,0,3,0,0,0,0,0,1,1,3
98,o,2,10,0,-31,0.0,8,-10,--,0,0,3,0,0,0,0,0,1,1,3
99,o,2,20,0,-21,1.0,2,0,--,1,1,3,0,0,0,0,0,1,1,3
100,o,3,20,0,-21,1.0,2,0,--,0,0,3,0,0,0,0,0,1,1,3
105,o,1,10,0,-33,0.0,0,2,--,0,0,3,0,0,0,0,0,1,2,2
106,o,2,8,0,-35,0.0,0,6,--,1,1,3,0,0,0,0,0,1,0,4
107,o,3,2,1,-41,0.0,0,-1,--,1,0,3,0,0,0,0,0,1,0,4
120,o,1,10,0,-35,0.0,0,4,--,0,1,4,0,0,0,0,0,1,1,3
121,o,2,6,0,-39,0.0,0,0,--,0,1,4,0,0,0,0,0,1,0,4
122,o,3,6,1,-39,0.0,0,3,--,1,0,4,0,0,0,0,0,2,1,2
123,o,4,3,2,-42,0.0,0,0,--,1,1,4,0,0,0,0,0,2,1,2
127,o,1,10,2,-20,0.0,0,-1,--,1,0,4,0,0,0,0,0,2,1,2
128,o,2,11,2,-19,0.0,0,8,--,0,0,4,0,0,0,0,0,1,0,4
129,o,3,3,0,-27,1.0,3,7,--,0,1,4,0,0,0,0,0,2,1,2
130,o,1,10,1,-34,0.0,0,5,--,2,1,4,0,0,0,0,0,1,0,4
131,o,2,5,1,-39,1.0,3,33,--,0,0,4,0,0,0,0,0,1,0,4
132,o,1,10,2,28,0.0,0,28,--,2,1,4,1,0,0,0,0,1,0,4
13,o,1,10,0,41,0.0,0,3,--,0,1,1,0,0,0,0,0,1,0,4
14,o,2,7,1,38,1.0,3,38,--,2,1,1,1,0,0,0,0,1,0,4
23,o,1,10,0,-11,0.0,0,4,--,0,0,1,0,0,0,0,0,1,0,4
24,o,2,6,0,-15,0.0,0,3,--,1,1,1,0,0,0,0,0,1,2,2
25,o,3,3,0,-18,0.0,0,-2,--,0,0,1,0,0,0,0,0,1,0,4
36,o,1,10,0,-43,1.0,5,--,--,2,0,2,0,0,0,1,1,1,0,4
42,o,1,10,1,-5,0.0,0,2,--,0,0,2,0,0,0,0,0,1,2,2
43,o,2,8,1,-7,0.0,0,11,--,1,0,2,0,0,0,0,0,1,0,4
44,o,1,10,2,-18,,8,-5,--,0,--,2,0,0,0,0,0,1,2,2
45,o,1,15,0,-13,0.0,0,-1,--,0,0,2,0,0,0,0,0,1,2,2
46,o,2,16,0,-12,0.0,0,-2,--,2,0,2,0,0,0,0,0,1,0,4
47,o,3,18,0,-10,1.0,3,14,--,2,1,2,0,0,0,0,0,1,0,4
56,o,1,10,0,-25,0.0,0,8,--,0,0,2,0,0,0,0,0,1,0,4
57,o,2,2,0,-33,0.0,0,0,--,1,1,2,0,0,0,0,0,1,2,2
58,o,3,2,0,-33,0.0,0,4,--,0,0,2,0,0,0,0,0,1,2,2
59,o,1,10,0,-37,1.0,6,53,--,0,1,2,0,0,1,0,1,1,2,2
69,o,1,10,2,-41,0.0,0,0,--,1,0,3,0,0,0,0,0,1,0,4
70,o,2,10,2,-41,0.0,0,-4,--,0,0,3,0,0,0,0,0,1,2,2
71,o,3,14,2,-37,0.0,0,-6,--,1,1,3,0,0,0,0,0,1,0,4
87,o,1,10,2,-37,1.0,3,-6,--,1,0,3,0,0,0,0,0,1,0,4
88,o,2,16,0,-31,,8,-5,--,1,--,3,0,0,0,0,0,1,0,4
89,o,2,21,0,-26,1.0,1,-3,--,1,1,3,0,0,0,0,0,1,0,4
90,o,3,24,0,-23,0.0,0,1,--,1,1,3,0,0,0,0,0,1,0,4
103,o,1,10,1,-40,0.0,0,0,--,1,1,4,0,0,0,0,0,1,0,4
104,o,2,10,1,-40,0.0,0,-7,--,1,0,4,0,0,0,0,0,1,0,4
105,o,3,17,0,-33,0.0,0,-7,--,1,1,4,0,0,0,0,0,1,0,4
121,o,1,10,2,-45,1.0,5,--,--,0,0,4,0,0,0,1,1,1,0,4
122,o,1,10,1,-23,0.0,0,-1,--,2,0,4,0,0,0,0,0,1,2,2
123,o,2,11,1,-22,0.0,0,-2,--,2,0,4,0,0,0,0,0,1,2,2
2,o,1,10,2,-35,0.0,0,1,--,1,0,1,0,0,0,0,0,2,1,2
3,o,2,9,2,-36,0.0,0,4,--,1,1,1,0,0,0,0,0,1,0,4
4,o,3,5,2,-40,1.0,3,9,--,0,0,1,0,0,0,0,0,1,0,4
5,o,1,10,0,-49,1.0,3,3,--,0,1,1,0,0,0,0,0,1,0,4
6,o,2,7,1,48,0.0,0,7,--,1,0,1,0,0,0,0,0,1,0,4
7,o,1,10,2,41,0.0,0,11,--,1,1,1,0,0,0,0,0,1,0,4
8,o,1,10,1,30,0.0,0,-2,--,0,0,1,0,0,0,0,0,1,0,4
9,o,2,12,2,32,0.0,0,0,--,0,0,1,0,0,0,0,0,2,1,2
10,o,3,12,1,32,1.0,1,-5,--,0,0,1,0,0,0,0,0,1,0,4
18,o,1,10,1,11,0.0,0,2,--,0,1,1,0,0,0,0,0,1,0,4
19,o,2,8,1,9,,8,-5,--,0,--,1,0,0,0,0,0,2,1,2
20,o,2,13,1,14,1.0,2,0,--,0,0,1,0,0,0,0,0,2,1,2
21,o,3,13,1,14,1.0,9,4,--,0,1,1,0,0,0,0,0,1,1,3
22,o,4,9,1,10,1.0,2,0,--,0,0,1,0,0,0,0,0,1,0,4
33,o,1,10,0,45,0.0,0,0,--,0,0,2,0,0,0,0,0,2,1,2
34,o,2,10,0,45,,8,-5,--,0,--,2,0,0,0,0,0,1,0,4
35,o,2,15,0,50,0.0,8,-10,--,0,0,2,0,0,0,0,0,1,0,4
36,o,2,25,0,-40,1.0,1,-12,--,0,1,2,0,0,0,0,0,1,0,4
37,o,3,37,2,-28,1.0,5,--,--,0,0,2,0,0,0,1,1,1,0,4
49,o,1,10,0,-38,0.0,0,7,--,0,0,2,0,0,0,0,0,1,0,4
50,o,2,3,0,-45,0.0,0,0,--,1,1,2,0,0,0,0,0,1,0,4
51,o,3,3,0,-45,0.0,0,23,--,1,0,2,0,0,0,0,0,1,0,4
52,o,1,10,0,32,,8,-5,--,0,--,2,0,0,0,0,0,1,0,4
53,o,1,15,0,37,0.0,8,-5,--,0,0,2,0,0,0,0,0,1,0,4
54,o,1,20,0,42,0.0,0,16,--,0,1,2,0,0,0,0,0,1,0,4
55,o,2,4,1,26,0.0,8,-11,--,1,0,2,0,0,0,0,0,2,0,3
56,o,2,15,1,37,0.0,0,4,--,1,0,2,0,0,0,0,0,2,0,3
57,o,3,11,0,33,1.0,1,-6,--,1,0,2,0,0,0,0,0,1,1,3
75,o,1,10,2,-17,0.0,0,0,--,0,0,3,0,0,0,0,0,1,0,4
76,o,2,10,2,-17,0.0,0,4,--,0,1,3,0,0,0,0,0,1,0,4
77,o,3,6,2,-21,0.0,0,-3,--,1,0,3,0,0,0,0,0,1,0,4
90,o,1,10,0,-11,0.0,0,7,--,2,1,4,0,0,0,0,0,1,0,4
91,o,2,3,1,-18,0.0,0,-1,--,0,0,4,0,0,0,0,0,1,0,4
92,o,3,4,1,-17,0.0,0,6,--,0,0,4,0,0,0,0,0,1,0,4
93,o,1,10,1,-23,0.0,0,2,--,0,1,4,0,0,0,0,0,1,0,4
94,o,2,8,1,-25,0.0,0,10,--,1,1,4,0,0,0,0,0,1,0,4
95,o,1,10,1,-35,1.0,3,23,--,0,1,4,0,0,0,0,0,1,0,4
96,o,1,10,1,42,0.0,0,-5,--,0,0,4,0,0,0,0,0,1,0,4
97,o,2,15,1,47,1.0,5,--,--,0,0,4,0,0,0,1,1,1,0,4
109,o,1,10,0,-37,0.0,0,16,--,1,1,4,0,0,0,0,0,1,0,4
110,o,1,10,2,47,0.0,0,8,--,0,0,4,0,0,0,0,0,2,1,2
111,o,2,2,0,39,0.0,0,10,--,0,1,4,0,0,0,0,0,1,0,4
112,o,1,10,2,29,0.0,0,7,--,0,1,4,0,0,0,0,0,1,0,4
113,o,2,3,1,22,0.0,0,-3,--,1,0,4,0,0,0,0,0,1,0,4
114,o,3,6,2,25,1.0,2,0,--,0,1,4,0,0,0,0,0,1,0,4
115,o,4,6,2,25,1.0,3,25,--,0,1,4,1,0,0,0,0,1,0,4
14,o,1,10,0,-33,,8,-5,--,--,--,1,0,0,0,0,0,0,0,0
15,o,1,15,0,-28,0.0,0,-3,--,0,0,1,0,0,0,0,0,1,0,4
16,o,2,18,0,-25,0.0,0,14,--,1,0,1,0,0,0,0,0,1,1,3
17,o,3,4,0,-39,0.0,0,-7,--,2,0,1,0,0,0,0,0,1,0,4
24,o,1,10,2,-36,0.0,8,-10,--,0,0,1,0,0,0,0,0,2,1,2
25,o,1,20,2,-26,0.0,0,42,--,0,0,1,0,0,0,0,0,1,0,4
26,o,1,10,0,32,0.0,0,2,--,1,1,1,0,0,0,0,0,2,1,2
27,o,2,8,1,30,0.0,0,2,--,0,0,1,0,0,0,0,0,1,0,4
28,o,3,6,0,28,0.0,8,-5,--,2,0,1,0,0,0,0,0,1,0,4
29,o,3,11,0,33,1.0,8,15,--,1,0,1,0,0,0,0,0,1,0,4
30,o,1,10,0,18,0.0,0,4,--,2,1,1,0,0,0,0,0,1,0,4
31,o,2,6,2,14,0.0,0,10,--,0,0,2,0,0,0,0,0,1,0,4
32,o,1,4,2,4,0.0,0,4,--,1,1,2,1,0,0,0,0,1,0,4
39,o,1,10,1,47,0.0,8,-11,--,1,0,2,0,0,0,0,0,2,1,2
40,o,2,21,0,-42,0.0,0,3,--,1,1,2,0,0,0,0,0,2,0,3
41,o,2,17,2,-45,1.0,3,18,--,0,0,2,0,0,0,0,0,1,0,4
42,o,1,10,0,37,0.0,0,-1,--,1,1,2,0,0,0,0,0,2,1,2
44,o,2,11,2,38,0.0,6,-1,--,0,0,2,0,0,1,0,1,1,0,4
49,o,1,10,0,47,0.0,0,10,--,0,1,2,0,0,0,0,0,2,1,2
50,o,1,10,2,37,0.0,0,0,--,0,0,2,0,0,0,0,0,1,0,4
51,o,2,10,0,37,0.0,0,9,--,1,1,2,0,0,0,0,0,2,1,2
52,o,3,1,0,28,0.0,0,11,--,0,1,2,0,0,0,0,0,2,1,2
53,o,1,10,1,17,0.0,0,7,--,0,1,2,0,0,0,0,0,1,0,4
54,o,2,3,1,10,0.0,0,6,--,1,0,2,0,0,0,0,0,1,0,4
55,o,1,4,2,4,0.0,0,2,--,1,1,2,0,0,0,0,0,1,0,4
56,o,2,2,2,2,0.0,0,2,--,1,0,2,1,0,0,0,0,1,0,4
64,o,1,10,1,-37,1.0,9,8,--,2,0,2,0,0,0,0,0,1,0,4
65,o,2,2,2,-45,1.0,3,0,--,1,1,2,0,0,0,0,0,1,0,4
67,o,1,10,1,-21,0.0,0,5,--,2,0,3,0,0,0,0,0,1,0,4
68,o,2,5,2,-26,0.0,0,1,--,0,0,3,0,0,0,0,0,2,1,2
69,o,3,4,0,-27,1.0,1,-7,--,2,1,3,0,0,0,0,0,1,0,4
75,o,1,10,2,-16,0.0,0,1,--,0,1,3,0,0,0,0,0,2,1,2
76,o,2,9,1,-17,0.0,0,-10,--,0,0,3,0,0,0,0,0,2,1,2
77,o,3,19,1,-7,1.0,3,0,--,0,0,3,0,0,0,0,0,1,0,4
86,o,1,10,1,-8,0.0,0,0,--,0,0,3,0,0,0,0,0,2,1,2
87,o,1,10,0,-8,1.0,3,17,--,1,0,3,0,0,0,0,0,1,0,4
88,o,1,10,0,-25,0.0,0,3,--,--,0,3,0,0,0,0,0,0,0,0
89,o,2,7,0,-28,1.0,3,15,--,2,0,3,0,0,0,0,0,1,0,4
90,o,1,10,2,-43,0.0,6,-3,--,1,0,3,0,0,1,0,1,2,1,2
99,o,1,10,1,-35,0.0,0,-2,--,1,0,3,0,0,0,0,0,2,0,3
100,o,2,12,0,-33,0.0,0,14,--,2,0,3,0,0,0,0,0,1,0,4
101,o,1,10,0,-47,0.0,0,4,--,0,1,3,0,0,0,0,0,1,0,4
102,o,2,6,0,49,0.0,0,2,--,2,1,4,0,0,0,0,0,1,0,4
103,o,3,4,0,47,0.0,0,4,--,2,1,4,0,0,0,0,0,1,0,4
104,o,3,10,2,43,0.0,0,5,--,1,0,4,0,0,0,0,0,2,1,2
105,o,3,5,0,38,0.0,0,3,--,0,1,4,0,0,0,0,0,1,0,4
106,o,1,10,2,35,0.0,8,-11,--,--,1,4,0,0,0,0,0,0,0,0
107,o,2,21,2,46,1.0,5,--,--,0,0,4,0,0,0,1,1,1,0,4
112,o,1,10,1,49,0.0,0,3,--,1,1,4,0,0,0,0,0,1,0,4
113,o,2,7,1,46,0.0,0,4,--,1,1,4,0,0,0,0,0,2,1,2
114,o,3,3,1,42,0.0,0,-5,--,2,0,4,0,0,0,0,0,1,0,4
127,o,1,10,0,-17,0.0,0,-4,--,0,--,4,0,0,0,0,0,1,0,4
128,o,2,14,2,-13,0.0,0,-2,--,--,--,4,0,0,0,0,0,0,0,0
129,o,3,14,2,-11,0.0,0,0,--,0,--,4,0,0,0,0,0,1,0,4
2,o,1,10,0,-40,0.0,0,16,0,1,1,1,0,0,0,0,0,1,0,4
3,o,1,10,2,44,1.0,2,0,4,0,0,1,0,0,0,0,0,1,1,3
4,o,2,10,2,44,0.0,0,26,3,0,1,1,0,0,0,0,0,2,1,2
5,o,1,10,1,18,1.0,2,0,11,0,0,1,0,0,0,0,0,1,0,4
6,o,2,10,1,18,0.0,0,3,3,0,0,1,0,0,0,0,0,1,0,4
7,o,3,7,0,15,1.0,2,0,5,1,1,1,0,0,0,0,0,0,2,3
8,o,4,7,0,15,1.0,9,10,11,0,1,1,0,0,0,0,0,1,0,4
9,o,1,5,1,5,1.0,5,--,11,0,0,1,0,0,0,1,1,1,0,4
27,o,1,10,2,-20,0.0,0,3,--,1,1,1,0,0,0,0,0,1,0,4
28,o,2,7,2,-23,0.0,0,2,11,0,0,1,0,0,0,0,0,1,0,4
29,o,3,5,2,-25,1.0,3,4,11,1,1,1,0,0,0,0,0,0,2,3
43,o,1,10,2,-28,0.0,0,1,7,0,1,2,0,0,0,0,0,1,0,4
44,o,2,9,2,-29,1.0,2,0,11,1,1,2,0,0,0,0,0,1,0,4
45,o,3,9,2,-29,1.0,8,15,11,0,0,2,0,0,0,0,0,1,1,3
46,o,1,10,0,-44,0.0,0,-1,0,1,1,2,0,0,0,0,0,1,0,4
47,o,2,11,2,-43,0.0,0,-3,7,0,1,2,0,0,0,0,0,2,1,2
48,o,3,14,2,-40,1.0,2,0,11,0,0,2,0,0,0,0,0,1,1,3
54,o,1,10,2,48,1.0,3,40,3,1,0,2,0,0,0,0,0,1,0,4
55,o,1,8,0,8,0.0,0,3,3,0,1,2,0,0,0,0,0,1,1,3
56,o,2,5,1,5,0.0,0,-2,7,0,0,2,0,0,0,0,0,2,1,2
57,o,3,7,2,7,1.0,8,-10,11,1,0,2,0,0,0,0,0,1,0,4
58,o,3,17,2,17,1.0,2,0,5,0,1,2,0,0,0,0,0,1,0,4
59,o,4,17,2,17,1.0,2,0,11,0,1,2,0,0,0,0,0,0,2,3
69,o,1,10,0,-18,0.0,0,20,3,0,1,2,0,0,0,0,0,1,1,3
70,o,1,10,1,-38,1.0,2,0,11,0,1,2,0,0,0,0,0,0,2,3
71,o,2,10,1,-38,1.0,1,-5,11,0,0,2,0,0,0,0,0,0,2,3
72,o,3,15,0,-33,0.0,0,0,--,0,1,2,0,0,0,0,0,1,0,4
82,o,1,10,0,-32,0.0,0,2,2,0,1,3,0,0,0,0,0,1,1,3
83,o,2,8,2,-34,1.0,1,--,11,0,1,3,0,0,1,0,1,1,0,4
87,o,1,10,0,-35,0.0,0,0,1,1,0,3,0,0,0,0,0,1,0,4
88,o,2,10,0,-35,0.0,0,65,10,1,1,3,1,0,0,0,0,0,2,3
99,o,1,10,0,-44,1.0,5,--,8,0,0,3,0,0,0,1,1,1,0,4
109,o,1,10,0,36,0.0,0,0,3,1,0,4,0,0,0,0,0,1,0,4
110,o,2,10,0,36,1.0,2,0,5,1,1,4,0,0,0,0,0,0,2,3
111,o,3,10,0,36,1.0,2,0,11,1,1,4,0,0,0,0,0,0,2,3
112,o,4,10,0,36,1.0,2,0,11,1,0,4,0,0,0,0,0,0,2,3
118,o,1,10,1,-9,0.0,0,0,--,1,1,4,0,0,0,0,0,1,0,4
119,o,2,10,2,-9,0.0,0,6,3,0,0,4,0,0,0,0,0,1,0,4
120,o,3,4,0,-15,1.0,5,--,11,0,1,4,0,0,0,1,1,1,0,4
125,o,1,10,0,-35,0.0,0,2,1,0,0,4,0,0,0,0,0,1,0,4
126,o,2,8,0,-37,0.0,0,10,--,1,0,4,0,0,0,0,0,1,1,3
127,o,1,10,0,-47,0.0,0,6,--,1,1,4,0,0,0,0,0,1,1,3
128,o,2,4,2,47,0.0,0,3,0,1,1,4,0,0,0,0,0,1,1,3
129,o,3,1,2,44,0.0,6,--,11,2,0,4,0,0,1,0,1,1,2,2
15,o,1,10,0,-34,0.0,0,-5,7,0,0,1,0,0,0,0,0,1,0,4
16,o,2,15,0,-29,0.0,0,-4,3,0,1,1,0,0,0,0,0,1,0,4
17,o,3,19,2,-25,1.0,3,7,11,0,0,1,0,0,0,0,0,1,1,3
28,o,1,10,0,-25,1.0,3,-4,11,1,1,1,0,0,0,0,0,1,1,3
29,o,2,14,2,-21,0.0,0,7,--,1,0,1,0,0,0,0,0,1,0,4
30,o,3,7,2,-28,1.0,6,0,--,0,0,1,0,0,1,0,1,1,0,4
31,o,4,7,2,-28,1.0,5,--,11,0,0,1,0,0,0,1,1,1,0,4
35,o,1,10,1,-35,0.0,0,0,--,2,0,1,0,0,0,0,0,1,1,3
36,o,2,10,2,-35,1.0,3,4,11,2,0,1,0,0,0,0,0,1,1,3
37,o,3,6,0,-39,1.0,3,0,--,1,1,2,0,0,0,0,0,1,1,3
45,o,1,10,0,-25,0.0,0,1,1,1,1,2,0,0,0,0,0,1,1,3
46,o,2,9,0,-26,0.0,0,-2,0,0,1,2,0,0,0,0,0,1,0,4
47,o,3,11,0,-24,1.0,5,--,11,1,1,2,0,0,0,1,1,0,2,3
55,o,1,10,0,-38,0.0,0,-1,3,1,1,2,0,0,0,0,0,2,1,2
56,o,2,11,1,-37,1.0,3,3,5,0,1,2,0,0,0,0,0,1,0,4
57,o,3,8,1,-40,1.0,3,-2,11,0,0,2,0,0,0,0,0,1,1,3
58,o,4,10,2,-38,1.0,2,0,--,2,1,2,0,0,0,0,0,1,2,2
67,o,1,10,2,-40,1.0,2,0,11,0,1,2,0,0,0,0,0,1,0,4
68,o,2,10,2,-40,0.0,0,0,--,1,0,2,0,0,0,0,0,1,0,4
70,o,1,10,1,-28,0.0,0,2,--,2,0,3,0,0,0,0,0,1,1,3
71,o,2,8,1,-30,0.0,0,0,--,2,0,3,0,0,0,0,0,1,1,3
72,o,3,8,2,-30,1.0,9,3,11,2,1,3,0,0,0,0,0,1,1,3
78,o,1,10,0,-48,0.0,0,15,3,1,1,3,0,0,0,0,0,1,0,4
79,o,1,10,1,37,1.0,3,0,5,1,1,3,0,0,0,0,0,1,0,4
80,o,2,10,1,37,0.0,0,5,7,1,0,3,0,0,0,0,0,1,0,4
81,o,3,5,1,32,,8,-5,--,0,--,3,0,0,0,0,0,1,1,3
82,o,3,10,1,37,1.0,2,0,11,0,0,3,0,0,0,0,0,1,1,3
83,o,4,10,1,37,1.0,2,0,11,0,1,3,0,0,0,0,0,1,1,3
90,o,1,10,2,-43,0.0,0,38,0,1,1,3,0,0,0,0,0,1,0,4
91,o,1,10,1,19,1.0,3,19,11,0,0,3,1,0,0,0,0,0,2,3
106,o,1,10,0,-40,0.0,0,13,2,2,0,4,0,0,0,0,0,1,1,3
107,o,1,10,0,47,0.0,0,8,3,2,1,4,0,0,0,0,0,1,1,3
108,o,2,2,1,39,0.0,6,-3,--,2,1,4,0,0,1,0,1,1,1,3
112,o,1,10,0,42,0.0,0,2,--,2,1,4,0,0,0,0,0,1,1,3
113,o,2,8,0,40,0.0,0,-1,3,2,1,4,0,0,0,0,0,1,1,3
114,o,3,9,2,41,0.0,0,0,1,2,0,4,0,0,0,0,0,1,1,3
8,o,1,10,1,-35,0.0,0,2,3,0,0,1,0,0,0,0,0,1,2,2
9,o,2,8,0,-37,1.0,2,0,11,0,1,1,0,0,0,0,0,1,0,4
10,o,3,8,0,-37,1.0,3,9,5,2,0,1,0,0,0,0,0,1,0,4
11,o,1,10,0,-46,0.0,0,54,0,2,1,1,1,0,0,0,0,1,0,4
30,o,1,10,1,-41,0.0,0,0,3,1,0,1,0,0,0,0,0,1,0,4
31,o,2,10,0,-41,1.0,3,8,11,1,1,1,0,0,0,0,0,0,2,3
32,o,3,2,1,-49,0.0,0,32,0,1,1,1,0,0,0,0,0,0,2,3
33,o,1,10,1,19,0.0,0,-6,1,1,0,1,0,0,0,0,0,1,0,4
34,o,2,16,2,25,1.0,3,14,11,1,0,1,0,0,0,0,0,1,1,3
36,o,3,2,2,11,,8,-5,--,1,--,1,0,0,0,0,0,1,0,4
37,o,3,7,2,16,1.0,3,11,11,0,1,1,0,0,0,0,0,1,0,4
38,o,1,5,1,5,0.0,0,5,0,1,1,2,1,0,0,0,0,1,0,4
44,o,1,10,0,48,0.0,0,-3,1,1,0,2,0,0,0,0,0,1,1,3
45,o,2,13,0,-49,1.0,3,8,11,1,1,2,0,0,0,0,0,1,1,3
46,o,3,5,2,43,0.0,0,-3,0,0,1,2,0,0,0,0,0,1,0,4
56,o,1,10,2,-42,0.0,0,3,11,1,0,2,0,0,0,0,0,1,0,4
57,o,2,7,0,-45,1.0,2,0,11,1,1,2,0,0,0,0,0,1,1,3
58,o,3,7,0,-45,1.0,2,0,4,1,1,2,0,0,0,0,0,1,1,3
79,o,1,10,1,-28,0.0,0,5,3,2,0,3,0,0,0,0,0,1,1,3
80,o,2,5,0,-33,0.0,0,3,1,0,1,3,0,0,0,0,0,2,1,2
81,o,3,2,1,-36,1.0,1,-12,11,0,0,3,0,0,0,0,0,1,1,3
87,o,1,10,0,-38,1.0,3,25,3,1,0,3,0,0,0,0,0,1,0,4
88,o,1,10,0,37,0.0,0,0,0,0,1,3,0,0,0,0,0,1,0,4
89,o,2,10,0,37,1.0,3,17,5,0,0,3,0,0,0,0,0,1,0,4
90,o,1,10,0,20,1.0,2,0,11,0,0,3,0,0,0,0,0,1,0,4
91,o,2,10,0,20,0.0,0,6,10,0,1,3,0,0,0,0,0,1,0,4
92,o,3,4,2,14,0.0,0,14,11,0,0,3,1,0,0,0,0,2,1,2
103,o,1,10,2,-32,0.0,0,-2,7,1,1,4,0,0,0,0,0,2,1,2
104,o,2,12,1,-30,1.0,2,0,4,0,0,4,0,0,0,0,0,1,0,4
105,o,3,12,1,-30,1.0,3,0,5,0,0,4,0,0,0,0,0,1,1,3
114,o,1,10,1,-33,0.0,0,0,2,1,0,4,0,0,0,0,0,2,1,2
115,o,2,10,2,-33,1.0,5,--,11,0,0,4,0,0,0,1,1,1,0,4
127,o,1,10,0,-26,0.0,0,-2,1,1,1,4,0,0,0,0,0,1,0,4
128,o,2,12,0,-24,1.0,2,0,3,1,1,4,0,0,0,0,0,1,0,4
7,o,1,10,1,35,0.0,0,35,--,0,0,1,1,0,0,0,0,1,0,4
14,o,1,10,0,49,0.0,6,0,--,1,1,1,0,0,1,0,1,1,0,4
32,o,1,10,0,-48,0.0,0,6,--,1,0,1,0,0,0,0,0,1,0,4
33,o,2,4,0,46,0.0,0,4,--,2,1,1,0,0,0,0,0,1,0,4
34,o,1,10,1,42,0.0,0,2,--,0,0,1,0,0,0,0,0,1,1,3
35,o,2,8,2,40,0.0,0,-1,--,0,0,2,0,0,0,0,0,1,0,4
36,o,3,9,2,41,0.0,0,6,--,2,0,2,0,0,0,0,0,1,0,4
37,o,4,3,0,35,0.0,0,35,--,1,1,2,1,0,0,0,0,2,1,2
48,o,1,10,0,-24,0.0,0,1,--,1,1,2,0,0,0,0,0,2,1,2
49,o,2,9,0,-25,0.0,0,11,--,0,0,2,0,0,0,0,0,2,1,2
50,o,1,10,0,-36,0.0,0,15,--,0,0,2,0,0,0,0,0,1,0,4
51,o,1,10,0,49,0.0,0,5,--,1,0,2,0,0,0,0,0,1,0,4
52,o,2,5,0,44,0.0,0,1,--,1,0,2,0,0,0,0,0,2,1,2
53,o,3,4,0,43,0.0,0,7,--,0,0,2,0,0,0,0,0,2,1,2
54,o,1,10,0,36,0.0,0,7,--,0,1,2,0,0,0,0,0,2,1,2
55,o,2,3,1,29,0.0,0,-1,--,1,0,2,0,0,0,0,0,1,0,4
56,o,3,4,0,30,0.0,0,10,--,0,0,2,0,0,0,0,0,1,1,3
57,o,1,10,0,20,0.0,0,5,--,2,0,2,0,0,0,0,0,1,0,4
58,o,2,5,0,15,0.0,0,0,--,1,1,2,0,0,0,0,0,1,1,3
59,o,3,5,2,15,1.0,2,0,--,0,0,2,0,0,0,0,0,1,1,3
65,o,1,10,1,-45,0.0,0,13,--,2,0,3,0,0,0,0,0,1,0,4
66,o,1,10,2,42,0.0,0,0,--,0,0,3,0,0,0,0,0,2,1,2
67,o,2,10,0,42,0.0,0,6,--,1,0,3,0,0,0,0,0,1,0,4
68,o,3,4,0,36,0.0,0,2,--,1,0,3,0,0,0,0,0,2,1,2
69,o,4,2,2,34,0.0,0,0,--,0,0,3,0,0,0,0,0,1,0,4
74,o,1,10,2,-32,0.0,0,-7,--,2,0,3,0,0,0,0,0,1,0,4
75,o,2,17,2,-25,0.0,0,15,--,1,0,3,0,0,0,0,0,1,0,4
76,o,3,2,0,-40,0.0,0,9,--,0,0,3,0,0,0,0,0,2,1,2
77,o,1,10,0,-49,0.0,0,3,--,1,1,3,0,0,0,0,0,1,0,4
78,o,2,7,2,48,0.0,0,5,--,0,0,3,0,0,0,0,0,1,0,4
79,o,3,2,0,43,0.0,0,24,--,1,0,3,0,0,0,0,0,1,0,4
80,o,1,10,0,19,0.0,0,3,--,2,1,3,0,0,0,0,0,1,2,2
81,o,2,7,1,16,,8,-5,--,1,--,3,0,0,0,0,0,1,2,2
82,o,2,12,1,21,1.0,3,8,--,2,0,3,0,0,0,0,0,1,0,4
83,o,3,4,0,13,1.0,2,0,--,2,0,3,0,0,0,0,0,1,0,4
84,o,4,4,0,13,0.0,0,13,--,2,0,3,1,0,0,0,0,1,0,4
99,o,1,10,1,-18,0.0,0,4,--,0,0,4,0,0,0,0,0,2,1,2
100,o,2,6,2,-22,0.0,0,11,--,1,1,4,0,0,0,0,0,1,0,4
101,o,1,10,1,-33,0.0,0,2,--,0,1,4,0,0,0,0,0,2,1,2
102,o,2,8,1,-35,0.0,0,1,--,0,0,4,0,0,0,0,0,2,1,2
103,o,3,7,0,-36,0.0,0,5,--,0,0,4,0,0,0,0,0,2,1,2
109,o,1,10,0,47,0.0,0,6,--,1,1,4,0,0,0,0,0,1,0,4
110,o,2,4,0,41,0.0,0,-3,--,1,1,4,0,0,0,0,0,1,0,4
111,o,3,7,2,44,1.0,3,6,--,0,0,4,0,0,0,0,0,1,0,4
112,o,4,1,0,38,0.0,8,-10,--,0,0,4,0,0,0,0,0,1,0,4
118,o,1,10,0,-33,0.0,0,-1,--,1,0,4,0,0,0,0,0,1,0,4
119,o,2,11,0,-34,0.0,0,-1,--,1,0,4,0,0,0,0,0,1,0,4
13,o,1,10,1,50,0.0,0,-4,--,0,0,1,0,0,0,0,0,2,1,2
14,o,2,14,2,-46,1.0,3,8,--,2,0,1,0,0,0,0,0,1,0,4
15,o,3,6,0,46,1.0,1,-8,--,2,1,1,0,0,0,0,0,1,0,4
21,o,1,10,1,-30,0.0,0,-2,--,1,1,1,0,0,0,0,0,2,1,2
22,o,2,12,1,-28,1.0,2,0,--,0,0,1,0,0,0,0,0,1,0,4
23,o,3,12,1,-28,1.0,3,36,--,1,1,1,0,0,0,0,0,1,0,4
24,o,1,10,1,36,0.0,0,0,--,1,1,1,0,0,0,0,0,1,0,4
25,o,2,10,1,36,0.0,0,3,--,1,0,1,0,0,0,0,0,2,0,3
26,o,3,7,0,33,1.0,3,1,--,2,1,1,0,0,0,0,0,1,0,4
27,o,4,6,1,32,1.0,2,0,--,0,0,1,0,0,0,0,0,1,0,4
34,o,1,10,1,-9,1.0,3,76,--,1,1,2,0,0,0,0,0,1,0,4
35,o,1,10,1,15,0.0,0,-58,--,1,0,2,0,0,0,0,0,1,0,4
36,o,2,68,0,-27,0.0,6,-7,--,1,1,2,0,0,1,0,1,1,2,2
50,o,1,10,1,-40,0.0,0,5,--,0,0,2,0,0,0,0,0,1,0,4
51,o,2,5,0,-45,0.0,0,55,--,1,1,2,1,0,0,0,0,1,0,4
60,o,1,10,1,-30,,8,-5,--,2,--,2,0,0,0,0,0,1,0,4
62,o,1,15,2,-25,0.0,0,5,--,1,0,2,0,0,0,0,0,1,0,4
63,o,2,10,0,-30,1.0,2,0,--,2,1,2,0,0,0,0,0,1,0,4
64,o,3,10,2,-30,1.0,2,0,--,1,1,2,0,0,0,0,0,1,0,4
69,o,1,10,2,-48,0.0,0,33,--,1,0,3,0,0,0,0,0,1,0,4
70,o,1,10,0,19,0.0,0,4,--,0,1,3,0,0,0,0,0,1,2,2
71,o,2,6,2,15,0.0,0,12,--,1,0,3,0,0,0,0,0,1,0,4
72,o,1,3,2,3,0.0,0,3,--,1,1,3,1,0,0,0,0,1,2,2
79,o,1,10,0,-30,1.0,2,0,--,2,1,3,0,0,0,0,0,1,0,4
80,o,2,10,0,-30,0.0,0,0,--,0,0,3,0,0,0,0,0,1,2,2
81,o,3,10,0,-30,1.0,3,30,--,2,1,3,0,0,0,0,0,1,0,4
82,o,1,10,1,40,0.0,0,9,--,1,0,3,0,0,0,0,0,1,0,4
83,o,2,1,2,31,0.0,0,0,--,0,0,3,0,0,0,0,0,1,0,4
84,o,3,1,0,31,0.0,0,7,--,0,0,3,0,0,0,0,0,1,2,2
85,o,1,10,0,24,0.0,0,1,--,0,1,3,0,0,0,0,0,1,0,4
86,o,2,9,1,23,1.0,2,0,--,2,1,3,0,0,0,0,0,1,0,4
87,o,3,9,1,23,0.0,0,-7,--,1,0,3,0,0,0,0,0,1,1,3
88,o,4,16,0,30,1.0,5,--,--,2,1,3,0,0,0,1,1,1,0,4
96,o,1,10,1,-10,0.0,0,8,--,1,0,4,0,0,0,0,0,1,0,4
97,o,2,2,0,-18,0.0,0,-5,--,0,1,4,0,0,0,0,0,1,0,4
98,o,3,7,2,-13,1.0,8,-9,--,1,0,4,0,0,0,0,0,1,1,3
108,o,1,10,1,-32,0.0,0,2,--,1,0,4,0,0,0,0,0,1,0,4
109,o,2,8,0,-34,0.0,6,4,--,0,1,4,0,0,1,0,1,1,0,4
112,o,1,10,0,-45,0.0,0,55,--,1,1,4,1,0,0,0,0,1,0,4
122,o,1,10,2,29,0.0,0,-5,--,1,1,4,0,0,0,0,0,1,0,4
123,o,2,15,2,34,0.0,8,-4,--,1,1,4,0,0,0,0,0,1,0,4
124,o,2,19,1,38,1.0,2,0,--,2,0,4,0,0,0,0,0,1,0,4
125,o,3,19,2,38,1.0,2,0,--,0,1,4,0,0,0,0,0,1,0,4
135,o,1,10,2,-35,1.0,2,0,--,2,0,4,0,0,0,0,0,1,0,4
136,o,2,10,2,-35,1.0,2,0,--,0,0,4,0,0,0,0,0,1,0,4
137,o,3,10,2,-35,1.0,2,0,--,2,1,4,0,0,0,0,0,1,0,4
138,o,4,10,2,-35,,8,-5,--,2,--,4,0,0,0,0,0,1,0,4
139,o,1,10,2,-30,1.0,1,-10,--,2,1,4,0,0,0,0,0,1,0,4
3,o,1,10,1,21,0.0,0,1,--,1,1,1,0,0,0,0,0,2,1,2
4,o,2,9,1,20,0.0,0,1,--,1,0,1,0,0,0,0,0,2,1,2
5,o,3,8,0,19,0.0,0,0,--,1,0,1,0,0,0,0,0,2,1,2
6,o,4,8,0,19,1.0,1,3,--,0,1,1,0,0,0,0,0,1,0,4
18,o,1,10,0,-9,0.0,0,-2,--,1,1,1,0,0,0,0,0,1,2,2
19,o,2,12,2,-7,0.0,0,0,--,0,0,1,0,0,0,0,0,2,1,2
20,o,3,12,2,-7,1.0,2,0,--,1,1,1,0,0,0,0,0,1,0,4
31,o,1,10,1,-35,0.0,0,3,--,1,0,2,0,0,0,0,0,1,1,3
32,o,2,7,2,-38,0.0,0,-3,--,1,0,2,0,0,0,0,0,1,0,4
33,o,3,10,0,-35,1.0,2,0,--,1,1,2,0,0,0,0,0,1,0,4
41,o,1,10,2,-16,1.0,2,0,--,0,0,2,0,0,0,0,0,1,0,4
42,o,2,10,0,-16,0.0,0,4,--,0,1,2,0,0,0,0,0,1,2,2
43,o,3,6,2,-20,1.0,2,0,--,0,0,2,0,0,0,0,0,1,0,4
56,o,1,10,2,-20,0.0,0,3,--,0,0,2,0,0,0,0,0,1,0,4
57,o,2,7,0,-23,0.0,0,-4,--,0,0,2,0,0,0,0,0,1,0,4
58,o,3,11,0,-19,1.0,2,0,--,2,0,2,0,0,0,0,0,1,0,4
61,o,1,10,1,-10,0.0,0,5,--,1,0,3,0,0,0,0,0,1,0,4
62,o,2,5,2,-15,0.0,0,2,--,2,0,3,0,0,0,0,0,1,0,4
63,o,3,3,0,-17,0.0,0,-2,--,1,1,3,0,0,0,0,0,2,1,2
73,o,1,10,2,-25,1.0,2,0,--,1,0,3,0,0,0,0,0,1,1,3
74,o,2,10,2,-25,0.0,0,2,--,--,0,3,0,0,0,0,0,0,0,0
75,o,3,8,2,-27,1.0,8,15,--,0,0,3,0,0,0,0,0,1,0,4
76,o,1,10,2,-42,1.0,2,0,--,0,0,3,0,0,0,0,0,1,0,4
77,o,2,10,2,-42,1.0,3,9,--,1,0,3,0,0,0,0,0,1,1,3
78,o,3,1,0,49,0.0,0,-1,--,1,0,3,0,0,0,0,0,1,1,3
98,o,1,10,2,-28,0.0,0,15,--,2,1,4,0,0,0,0,0,1,0,4
99,o,1,10,1,-43,0.0,0,9,--,2,0,4,0,0,0,0,0,1,0,4
100,o,2,1,0,48,1.0,1,-9,--,1,1,4,0,0,0,0,0,2,0,3
101,o,3,10,2,-43,0.0,0,0,--,1,1,4,0,0,0,0,0,1,0,4
111,o,1,10,2,-40,0.0,0,-3,--,0,1,4,0,0,0,0,0,2,1,2
112,o,2,13,1,-37,0.0,0,7,--,0,0,4,0,0,0,0,0,2,1,2
113,o,3,6,2,-44,1.0,3,7,--,0,0,4,0,0,0,0,0,2,0,3
114,o,1,10,0,49,0.0,0,-4,--,0,1,4,0,0,0,0,0,2,1,2
115,o,2,14,2,-47,1.0,2,0,--,0,0,4,0,0,0,0,0,1,0,4
116,o,3,14,2,-47,1.0,3,8,--,1,1,4,0,0,0,0,0,1,0,4
4,o,1,10,2,-33,0.0,0,4,--,0,0,1,0,0,0,0,0,2,1,2
5,o,2,6,0,-37,0.0,0,4,--,2,1,1,0,0,0,0,0,1,0,4
6,o,3,2,2,-41,0.0,0,-4,--,2,0,1,0,0,0,0,0,1,0,4
20,o,1,10,2,-49,0.0,0,-1,--,0,0,1,0,0,0,0,0,1,2,2
21,o,2,11,0,-48,0.0,0,2,--,0,0,1,0,0,0,0,0,1,2,2
22,o,3,9,0,50,1.0,3,2,--,0,1,1,0,0,0,0,0,1,1,3
34,o,1,10,1,-37,0.0,0,3,--,1,0,2,0,0,0,0,0,2,1,2
35,o,2,7,2,-40,0.0,0,9,--,1,1,2,0,0,0,0,0,1,0,4
36,o,1,10,1,-49,0.0,0,11,--,2,0,2,0,0,0,0,0,1,0,4
37,o,1,10,0,40,0.0,0,9,--,0,0,2,0,0,0,0,0,2,1,2
38,o,2,1,0,31,0.0,0,18,--,2,0,2,0,0,0,0,0,1,0,4
39,o,1,10,0,13,0.0,0,4,--,1,1,2,0,0,0,0,0,2,1,2
40,o,2,6,0,9,0.0,0,-3,--,1,1,2,0,0,0,0,0,1,0,4
41,o,3,9,2,12,0.0,0,12,--,2,0,2,1,0,0,0,0,1,0,4
61,o,1,10,0,-35,0.0,0,-1,--,0,1,3,0,0,0,0,0,1,0,4
62,o,2,11,2,-34,0.0,0,-2,--,2,0,3,0,0,0,0,0,1,0,4
63,o,3,13,0,-32,1.0,2,0,--,1,1,3,0,0,0,0,0,1,0,4
78,o,1,10,0,-36,0.0,0,-4,--,2,1,3,0,0,0,0,0,1,0,4
79,o,2,14,1,-32,1.0,3,14,--,2,0,3,0,0,0,0,0,1,0,4
80,o,1,10,2,-46,0.0,0,-1,--,1,0,3,0,0,0,0,0,2,1,2
81,o,2,11,0,-45,0.0,0,-3,--,1,1,3,0,0,0,0,0,1,0,4
82,o,3,14,2,-42,1.0,3,58,--,1,0,3,1,0,0,0,0,1,0,4
99,o,1,10,1,-30,1.0,3,10,--,1,0,4,0,0,0,0,0,1,0,4
100,o,1,10,0,-40,0.0,0,10,--,2,0,4,0,0,0,0,0,1,0,4
101,o,1,10,0,50,1.0,3,17,--,1,0,4,0,0,0,0,0,1,0,4
102,o,1,10,0,33,0.0,0,-5,--,2,0,4,0,0,0,0,0,1,0,4
103,o,2,15,0,38,1.0,5,0,--,2,0,4,0,0,0,1,1,1,0,4
12,o,1,10,2,-40,0.0,0,4,3,2,0,1,0,0,0,0,0,1,2,2
13,o,2,6,0,-44,0.0,0,2,1,0,1,1,0,0,0,0,0,2,1,2
14,o,3,4,2,-46,1.0,2,0,11,1,1,1,0,0,0,0,0,1,1,3
24,o,1,10,0,-33,0.0,0,3,--,0,1,1,0,0,0,0,0,1,0,4
25,o,2,7,2,-36,0.0,0,1,7,0,0,1,0,0,0,0,0,1,0,4
26,o,3,6,0,-37,0.0,0,1,3,0,1,1,0,0,0,0,0,1,1,3
38,o,1,10,1,-11,0.0,0,8,0,0,0,2,0,0,0,0,0,1,0,4
39,o,2,2,1,-19,0.0,8,-10,8,0,0,2,0,0,0,0,0,1,0,4
40,o,2,12,1,-9,1.0,3,9,5,0,1,2,0,0,0,0,0,1,0,4
41,o,3,3,1,-18,0.0,0,2,7,1,1,2,0,0,0,0,0,2,1,2
53,o,1,10,0,-38,1.0,8,15,11,2,1,2,0,0,0,0,0,1,1,3
54,o,1,10,0,47,0.0,6,2,2,1,1,2,0,0,1,0,1,2,1,2
59,o,1,10,2,50,1.0,5,--,11,1,1,2,0,0,0,1,1,1,0,4
67,o,1,10,1,-16,1.0,3,4,4,0,0,2,0,0,0,0,0,1,1,3
68,o,2,6,1,-20,1.0,5,--,11,2,0,2,1,0,0,1,1,1,0,4
71,o,1,10,1,-25,0.0,0,-5,11,0,0,2,0,0,0,0,0,1,0,4
73,o,1,10,2,-45,0.0,0,0,--,0,0,3,0,0,0,0,0,2,1,2
74,o,2,10,2,-45,0.0,0,-1,1,1,1,3,0,0,0,0,0,2,1,2
75,o,3,11,2,-44,0.0,0,-6,8,1,0,3,0,0,0,0,0,2,1,2
82,o,1,10,2,-11,0.0,0,0,0,0,0,3,0,0,0,0,0,2,1,2
83,o,2,10,2,-11,0.0,0,0,3,0,0,3,0,0,0,0,0,1,0,4
84,o,3,10,2,-11,1.0,3,3,11,1,1,3,0,0,0,0,0,1,1,3
91,o,1,10,0,-28,0.0,0,2,3,1,1,3,0,0,0,0,0,1,0,4
92,o,2,8,1,-30,1.0,3,3,5,0,1,3,0,0,0,0,0,1,0,4
93,o,3,5,1,-33,1.0,8,-5,11,0,0,4,0,0,0,0,0,1,1,3
99,o,1,10,1,-33,0.0,0,-9,1,1,1,4,0,0,0,0,0,2,0,3
100,o,2,19,1,-24,0.0,0,-7,3,0,0,4,0,0,0,0,0,1,0,4
101,o,3,26,2,-17,0.0,0,1,2,1,1,4,0,0,0,0,0,1,0,4
112,o,1,10,0,-40,0.0,0,7,1,0,1,4,0,0,0,0,0,1,0,4
113,o,2,3,1,-47,0.0,0,8,1,1,0,4,0,0,0,0,0,1,0,4
114,o,1,10,2,45,1.0,2,0,11,0,1,4,0,0,0,0,0,1,0,4
58,o,1,10,0,-23,0.0,0,1,7,0,0,1,0,0,0,0,0,1,2,2
59,o,2,9,0,-24,1.0,3,6,11,1,1,1,0,0,0,0,0,1,0,4
60,o,3,3,1,-30,1.0,5,39,11,1,0,1,0,0,0,1,1,1,0,4
65,o,1,10,2,-38,0.0,0,1,0,0,1,1,0,0,0,0,0,2,1,2
66,o,2,9,2,-39,1.0,3,20,11,1,1,1,0,0,0,0,0,1,0,4
67,o,1,10,1,41,1.0,1,-11,3,0,0,1,0,0,0,0,0,2,1,2
68,o,2,21,0,-48,,8,-11,5,1,--,1,0,0,0,0,0,0,2,3
69,o,2,32,2,-37,1.0,3,11,11,0,1,1,0,0,0,0,0,0,2,3
70,o,3,21,1,-48,1.0,2,0,11,0,0,1,0,0,0,0,0,0,2,3
81,o,1,10,2,-34,0.0,6,28,3,1,1,1,0,0,1,0,1,1,0,4
90,o,1,10,0,-24,0.0,0,1,0,1,1,2,0,0,0,0,0,1,0,4
91,o,2,9,2,-25,1.0,3,21,11,1,1,2,0,0,0,0,0,0,2,3
92,o,1,10,1,-46,0.0,0,26,11,0,0,2,0,0,0,0,0,1,1,3
93,o,1,10,0,28,,8,13,11,1,--,2,0,0,0,0,0,1,1,3
94,o,1,10,0,15,1.0,3,11,5,0,1,2,0,0,0,0,0,1,0,4
95,o,1,4,0,4,0.0,0,-1,3,0,1,2,0,0,0,0,0,1,0,4
96,o,2,5,1,5,1.0,3,5,11,2,0,2,1,0,0,0,0,1,0,4
109,o,1,10,0,-20,1.0,3,20,11,0,0,2,0,0,0,0,0,0,1,4
110,o,1,10,0,-40,1.0,3,6,5,2,1,2,0,0,0,0,0,1,0,4
111,o,2,4,0,-46,0.0,0,2,11,1,0,2,0,0,0,0,0,1,1,3
112,o,3,2,0,-48,0.0,0,42,11,1,1,2,0,0,0,0,0,0,2,3
113,o,1,10,1,10,0.0,0,8,3,1,0,2,0,0,0,0,0,1,0,4
114,o,2,2,0,2,0.0,0,0,--,1,0,2,0,0,0,0,0,1,0,4
115,o,3,2,0,2,,8,-5,11,1,--,2,0,0,0,0,0,1,0,4
117,o,3,7,0,7,1.0,2,0,11,1,1,2,0,0,0,0,0,1,0,4
119,o,4,7,2,7,1.0,3,0,5,2,0,2,0,0,0,0,0,1,0,4
122,o,1,10,0,-36,0.0,0,5,3,2,1,3,0,0,0,0,0,1,1,3
123,o,2,5,1,-41,0.0,0,0,0,0,0,3,0,0,0,0,0,2,1,2
124,o,3,5,2,-41,1.0,5,23,11,1,1,3,0,0,0,1,1,0,2,3
134,o,1,10,2,-24,0.0,0,3,--,2,0,3,0,0,0,0,0,1,1,3
135,o,2,7,0,-27,0.0,0,8,--,2,1,3,0,0,0,0,0,1,1,3
136,o,1,10,2,-35,0.0,0,13,--,2,1,3,0,0,0,0,0,1,1,3
137,o,1,10,2,-48,0.0,0,-7,3,1,0,3,0,0,0,0,0,0,0,0
138,o,2,17,0,-41,0.0,0,3,--,2,1,3,0,0,0,0,0,1,1,3
139,o,3,14,0,-44,1.0,2,0,11,2,1,3,0,0,0,0,0,1,1,3
156,o,1,10,1,-32,0.0,0,2,7,0,0,4,0,0,0,0,0,2,1,2
157,o,2,8,1,-34,0.0,0,0,11,0,0,4,0,0,0,0,0,2,1,2
2,o,1,10,1,-39,0.0,0,8,--,1,1,1,0,0,0,0,0,0,0,0
3,o,2,2,1,-47,0.0,0,16,--,0,0,1,0,0,0,0,0,2,1,2
4,o,1,10,0,37,0.0,0,3,--,0,1,1,0,0,0,0,0,1,0,4
5,o,2,7,2,34,0.0,8,-6,--,1,0,1,0,0,0,0,0,1,0,4
6,o,2,13,0,40,0.0,0,6,--,1,1,1,0,0,0,0,0,1,1,3
7,o,3,7,2,34,0.0,0,-1,--,--,1,1,0,0,0,0,0,0,0,0
8,o,4,8,1,35,0.0,0,6,--,1,1,1,0,0,0,0,0,2,1,2
15,o,2,5,1,9,0.0,0,9,--,0,0,1,1,0,0,0,0,2,1,2
26,o,1,10,1,-30,0.0,0,15,--,0,0,1,0,0,0,0,0,2,1,2
27,o,1,10,0,-45,1.0,2,0,--,0,1,1,0,0,0,0,0,1,0,4
28,o,2,10,0,-45,0.0,0,8,--,1,1,1,0,0,0,0,0,2,1,2
29,o,3,2,2,47,,8,0,--,0,--,2,0,0,0,0,0,2,1,2
30,o,3,2,1,47,0.0,0,7,--,1,1,2,0,0,0,0,0,2,1,2
31,o,1,10,1,40,1.0,1,-3,--,1,0,2,0,0,0,0,0,2,1,2
32,o,2,13,2,43,1.0,3,43,--,0,0,2,1,0,0,0,0,2,1,2
39,o,1,10,1,-34,0.0,0,6,--,0,0,2,0,0,0,0,0,0,0,0
40,o,2,4,2,-40,0.0,0,8,--,0,0,2,0,0,0,0,0,2,1,2
41,o,1,10,0,-48,0.0,0,4,--,0,0,2,0,0,0,0,0,1,0,4
42,o,2,6,0,48,0.0,0,10,--,1,1,2,0,0,0,0,0,1,1,3
43,o,1,10,2,38,0.0,0,0,--,1,0,2,0,0,0,0,0,1,0,4
44,o,2,10,0,38,0.0,0,28,--,1,1,2,0,0,0,0,0,2,1,2
45,o,1,10,1,10,1.0,3,10,--,0,0,2,1,0,0,0,0,2,1,2
52,o,1,10,1,43,0.0,0,7,--,0,0,2,0,0,0,0,0,1,1,3
53,o,2,3,1,36,1.0,2,0,--,2,0,2,0,0,0,0,0,1,0,4
54,o,3,2,1,36,0.0,0,4,--,0,0,2,0,0,0,0,0,2,1,2
55,o,1,10,2,32,1.0,3,32,--,2,1,2,1,0,0,0,0,1,0,4
67,o,1,10,2,47,0.0,0,7,--,1,1,3,0,0,0,0,0,0,0,0
68,o,2,3,1,40,0.0,0,5,--,0,0,3,0,0,0,0,0,2,1,2
69,o,1,10,2,35,0.0,0,20,--,1,1,3,0,0,0,0,0,1,1,3
70,o,1,10,1,15,0.0,0,5,--,0,0,3,0,0,0,0,0,1,1,3
71,o,2,5,2,10,0.0,0,0,--,1,1,3,0,0,0,0,0,1,1,3
72,o,3,5,1,10,0.0,0,1,--,0,0,3,0,0,0,0,0,2,1,2
73,o,4,4,0,9,0.0,0,9,--,1,1,3,1,0,0,0,0,2,1,2
79,o,1,10,1,-40,0.0,0,4,--,1,0,3,0,0,0,0,0,1,0,4
80,o,2,6,1,-44,0.0,0,10,--,0,0,3,0,0,0,0,0,2,1,2
81,o,1,10,2,46,0.0,0,1,--,0,1,3,0,0,0,0,0,1,0,4
82,o,2,9,1,45,0.0,0,5,--,1,0,3,0,0,0,0,0,1,0,4
83,o,3,4,0,40,0.0,8,-6,--,1,1,3,0,0,0,0,0,2,1,2
84,o,3,10,1,46,0.0,0,0,--,1,1,3,0,0,0,0,0,2,1,2
91,o,1,10,1,13,0.0,0,0,--,1,0,3,0,0,0,0,0,2,1,2
92,o,2,10,2,13,0.0,6,-7,--,1,1,3,0,0,1,0,1,2,1,2
98,o,1,10,1,38,0.0,0,3,--,0,0,4,0,0,0,0,0,2,1,2
99,o,2,7,2,35,0.0,0,5,--,0,1,4,0,0,0,0,0,2,1,2
100,o,3,2,1,30,0.0,0,-1,--,0,0,4,0,0,0,0,0,1,1,3
101,o,4,3,2,31,0.0,0,31,--,1,1,4,1,0,0,0,0,1,1,3
109,o,1,10,1,-35,0.0,0,-2,--,2,0,4,0,0,0,0,0,1,0,4
110,o,2,12,1,-33,0.0,0,3,--,2,1,4,0,0,0,0,0,1,0,4
111,o,3,9,1,-36,0.0,0,-4,--,2,1,4,0,0,0,0,0,1,0,4
2,o,1,10,1,45,0.0,0,14,--,0,0,1,0,0,0,0,0,2,1,2
3,o,1,10,1,31,0.0,0,0,--,1,0,1,0,0,0,0,0,1,1,3
4,o,2,10,2,31,0.0,6,-1,--,--,0,1,0,0,1,0,1,0,0,0
10,o,1,10,1,50,1.0,1,-3,--,0,0,1,0,0,0,0,0,1,0,4
11,o,2,13,1,-47,0.0,0,-11,--,1,0,1,0,0,0,0,0,1,0,4
12,o,3,24,0,-36,1.0,2,0,--,0,1,1,0,0,0,0,0,1,0,4
18,o,1,10,1,-42,0.0,0,12,--,1,0,1,0,0,0,0,0,1,0,4
19,o,1,10,0,46,0.0,0,7,--,0,1,1,0,0,0,0,0,1,0,4
20,o,2,3,0,39,0.0,0,14,--,--,0,1,0,0,0,0,0,0,0,0
21,o,1,10,1,25,0.0,0,12,--,0,0,1,0,0,0,0,0,1,2,2
22,o,1,10,2,13,0.0,0,-3,--,--,0,1,0,0,0,0,0,0,0,0
23,o,2,13,0,16,0.0,0,11,--,2,1,1,0,0,0,0,0,1,2,2
24,o,3,2,2,5,0.0,0,2,--,0,0,1,0,0,0,0,0,1,0,4
25,o,1,3,2,3,0.0,0,3,--,0,1,1,1,0,0,0,0,1,0,4
39,o,1,10,2,-34,0.0,0,6,--,1,0,2,0,0,0,0,0,2,1,2
40,o,2,4,0,-40,0.0,0,0,--,1,0,2,0,0,0,0,0,0,0,0
41,o,3,4,0,-40,0.0,0,1,--,0,0,2,0,0,0,0,0,1,2,2
48,o,1,10,1,36,1.0,3,36,--,0,1,2,1,0,0,0,0,1,0,4
59,o,1,10,1,-36,1.0,9,3,--,0,1,2,0,0,0,0,0,1,0,4
60,o,2,7,1,-39,1.0,2,0,--,0,1,2,0,0,0,0,0,1,0,4
61,o,3,7,1,-39,0.0,0,10,--,0,1,2,0,0,0,0,0,1,0,4
62,o,1,10,1,-49,1.0,1,-10,--,0,1,2,0,0,0,0,0,1,0,4
64,o,1,10,0,49,0.0,0,12,--,0,0,3,0,0,0,0,0,1,0,4
65,o,1,10,0,37,0.0,0,16,--,1,1,3,0,0,0,0,0,2,1,2
66,o,1,10,1,21,0.0,8,-15,--,2,0,3,0,0,0,0,0,1,0,4
67,o,1,25,2,36,0.0,0,0,--,0,1,3,0,0,0,0,0,1,0,4
68,o,2,25,1,36,1.0,5,--,--,0,0,3,0,0,0,1,1,2,1,2
73,o,1,10,2,50,0.0,0,1,--,0,1,3,0,0,0,0,0,1,0,4
74,o,2,9,2,49,0.0,0,-1,--,0,1,3,0,0,0,0,0,1,2,2
75,o,3,10,2,50,0.0,0,9,--,0,1,3,0,0,0,0,0,1,0,4
76,o,4,1,1,41,0.0,0,2,--,0,0,3,0,0,0,0,0,2,1,2
77,o,1,10,2,39,0.0,0,3,--,0,1,3,0,0,0,0,0,2,1,2
78,o,2,7,1,36,0.0,0,2,--,2,0,3,0,0,0,0,0,1,2,2
79,o,3,5,1,34,1.0,5,--,--,1,0,3,0,0,0,1,1,0,0,0
84,o,1,10,1,40,1.0,3,40,--,0,1,3,1,0,0,0,0,1,0,4
94,o,1,10,1,-33,0.0,0,3,--,1,0,4,0,0,0,0,0,1,0,4
95,o,2,7,1,-36,0.0,0,4,--,0,1,4,0,0,0,0,0,1,0,4
97,o,3,3,1,-40,0.0,8,-3,--,1,1,4,0,0,0,0,0,1,0,4
98,o,3,6,1,-37,1.0,3,16,--,1,1,4,0,0,0,0,0,1,0,4
99,o,1,10,1,47,0.0,8,-10,--,1,1,4,0,0,0,0,0,2,0,3
100,o,1,20,1,-43,0.0,0,4,--,2,0,4,0,0,0,0,0,1,0,4
101,o,2,16,0,-47,0.0,0,9,--,2,1,4,0,0,0,0,0,1,0,4
102,o,3,7,1,44,0.0,0,2,--,0,1,4,0,0,0,0,0,1,0,4
108,o,1,10,1,27,0.0,0,8,--,2,1,4,0,0,0,0,0,1,2,2
109,o,2,2,1,19,0.0,0,19,--,1,1,4,1,0,0,0,0,0,0,0
117,o,1,10,1,-25,0.0,0,7,--,0,1,4,0,0,0,0,0,1,0,4
118,o,2,3,1,-32,0.0,0,1,--,--,0,4,0,0,0,0,0,0,0,0
119,o,3,2,1,-33,0.0,0,-1,--,1,0,4,0,0,0,0,0,1,0,4
10,o,1,10,2,36,1.0,3,11,11,1,0,1,0,0,0,0,0,0,2,3
11,o,1,10,0,25,0.0,0,2,--,1,1,1,0,0,0,0,0,1,1,3
12,o,2,8,2,23,1.0,2,0,11,0,0,1,0,0,0,0,0,1,1,3
13,o,3,8,2,23,1.0,3,8,5,1,0,1,0,0,0,0,0,1,1,3
14,o,1,10,0,15,0.0,0,4,11,0,0,1,0,0,0,0,0,1,1,3
15,o,2,6,0,11,0.0,0,9,0,1,1,1,0,0,0,0,0,1,0,4
16,o,1,2,2,2,0.0,0,2,--,1,0,1,1,0,0,0,0,2,1,2
34,o,1,10,0,-24,0.0,0,12,11,0,0,1,0,0,0,0,0,0,0,0
35,o,1,10,0,-36,0.0,0,1,3,0,1,1,0,0,0,0,0,2,1,2
36,o,2,9,1,-37,1.0,3,0,11,0,0,1,0,0,0,0,0,1,1,3
38,o,3,9,0,-37,1.0,2,0,5,1,1,2,0,0,0,0,0,0,2,3
48,o,1,10,0,-34,0.0,0,2,7,1,0,2,0,0,0,0,0,1,1,3
49,o,2,8,0,-36,0.0,0,-7,3,1,1,2,0,0,0,0,0,1,1,3
50,o,3,15,1,-29,0.0,0,0,0,1,0,2,0,0,0,0,0,1,0,4
62,o,1,10,0,-39,1.0,2,0,11,1,0,2,0,0,0,0,0,0,2,3
63,o,2,10,0,-39,0.0,6,-3,3,0,1,2,0,0,1,0,1,0,2,3
73,o,1,10,0,-18,0.0,0,1,--,2,0,2,0,0,0,0,0,1,1,3
74,o,2,9,0,-19,0.0,0,8,0,2,1,2,0,0,0,0,0,1,1,3
75,o,3,1,2,-27,0.0,0,10,11,2,1,2,0,0,0,0,0,1,1,3
85,o,1,10,0,-35,0.0,0,3,2,2,0,3,0,0,0,0,0,1,1,3
86,o,2,7,0,-38,0.0,0,1,2,2,0,3,0,0,0,0,0,1,1,3
87,o,3,6,0,-39,0.0,0,-1,3,2,0,3,0,0,0,0,0,1,1,3
89,o,1,10,0,28,0.0,0,0,0,2,0,3,0,0,0,0,0,1,1,3
90,o,2,10,0,28,1.0,3,19,5,2,0,3,0,0,0,0,0,1,1,3
91,o,1,9,0,9,0.0,0,2,--,2,1,3,0,0,0,0,0,1,1,3
92,o,2,7,2,7,1.0,3,2,8,2,0,3,0,0,0,0,0,1,1,3
93,o,3,5,0,5,0.0,0,1,--,2,0,3,0,0,0,0,0,1,1,3
94,o,4,4,0,4,0.0,0,-2,7,2,1,3,0,0,0,0,0,1,1,3
108,o,1,10,1,-47,0.0,0,10,--,2,0,4,0,0,0,0,0,1,1,3
109,o,1,10,2,43,0.0,0,16,3,2,1,4,0,0,0,0,0,1,1,3
110,o,1,10,1,27,0.0,0,-2,--,2,0,4,0,0,0,0,0,1,1,3
111,o,2,12,1,29,0.0,0,-4,3,2,0,4,0,0,0,0,0,1,1,3
112,o,3,16,2,33,0.0,0,0,3,2,0,4,0,0,0,0,0,1,1,3
4,o,1,10,2,-20,0.0,0,1,1,1,0,1,0,0,0,0,0,1,0,4
5,o,2,9,2,-21,0.0,0,8,0,0,0,1,0,0,0,0,0,1,0,4
6,o,3,1,0,-29,0.0,0,-3,7,1,1,1,0,0,0,0,0,1,0,4
7,o,4,4,0,-26,0.0,0,-6,--,--,0,1,0,1,0,0,1,0,0,0
11,o,1,10,2,-27,0.0,0,0,3,0,0,1,0,0,0,0,0,2,1,2
12,o,2,10,0,-27,1.0,5,0,5,0,0,1,0,0,0,1,1,1,0,4
31,o,1,10,0,-27,0.0,0,6,0,0,0,1,0,0,0,0,0,1,0,4
32,o,2,4,0,-33,1.0,9,-3,11,1,0,1,0,0,0,0,0,1,0,4
33,o,3,7,0,-30,1.0,1,-5,11,1,1,1,0,0,0,0,0,1,1,3
45,o,1,10,0,-30,0.0,0,1,7,0,1,2,0,0,0,0,0,1,1,3
46,o,2,9,2,-31,0.0,0,2,1,1,1,2,0,0,0,0,0,1,0,4
47,o,3,7,2,-33,1.0,2,0,11,0,0,2,0,0,0,0,0,1,1,3
56,o,1,10,1,-37,1.0,5,0,11,1,0,2,0,0,0,1,1,1,0,4
65,o,1,10,0,-47,0.0,0,13,0,1,0,2,0,0,0,0,0,2,1,2
66,o,1,10,0,40,0.0,0,1,0,0,0,2,0,0,0,0,0,2,1,2
67,o,2,9,0,39,0.0,0,-3,3,0,1,2,0,0,0,0,0,1,0,4
68,o,3,12,1,42,1.0,2,0,11,0,0,2,0,0,0,0,0,1,0,4
74,o,1,10,2,-28,0.0,0,--,--,1,--,2,0,0,0,0,0,2,1,2
85,o,1,10,2,-35,0.0,0,7,1,1,1,3,0,0,0,0,0,1,0,4
86,o,2,3,1,-42,0.0,0,-1,2,0,1,3,0,0,0,0,0,1,0,4
87,o,3,4,1,-41,0.0,0,8,0,1,1,3,0,0,0,0,0,1,0,4
88,o,1,10,1,-49,0.0,0,4,1,1,0,3,0,0,0,0,0,2,1,2
89,o,2,6,2,47,0.0,0,5,1,0,1,3,0,0,0,0,0,1,0,4
90,o,3,1,2,42,0.0,0,5,7,0,0,3,0,0,0,0,0,2,1,2
91,o,1,10,1,37,0.0,0,2,0,0,0,3,0,0,0,0,0,1,0,4
92,o,2,8,0,35,1.0,3,13,5,0,1,3,0,0,0,0,0,1,0,4
93,o,1,10,2,22,0.0,0,11,3,0,1,3,0,0,0,0,0,1,0,4
94,o,1,10,1,11,0.0,0,-3,1,0,0,4,0,0,0,0,0,1,0,4
95,o,2,13,1,14,0.0,0,5,1,0,1,4,0,0,0,0,0,1,0,4
96,o,3,8,1,9,0.0,0,1,0,1,1,4,0,0,0,0,0,2,1,2
97,o,4,7,1,8,1.0,2,0,11,0,0,4,0,0,0,0,0,1,1,3
102,o,1,10,0,30,0.0,0,5,1,0,1,4,0,0,0,0,0,1,0,4
103,o,2,5,0,25,0.0,0,8,0,1,1,4,0,0,0,0,0,1,0,4
104,o,1,10,1,17,0.0,0,17,1,1,0,4,1,0,0,0,0,1,0,4
2,o,1,10,1,-19,0.0,0,-3,--,--,1,1,0,0,0,0,0,0,0,0
3,o,2,13,1,-16,0.0,0,0,--,--,0,1,0,0,0,0,0,0,0,0
4,o,3,13,1,-16,0.0,8,-3,--,2,0,1,0,0,0,0,0,1,0,4
5,o,3,16,0,-13,1.0,1,-6,--,2,0,1,0,0,0,0,0,1,0,4
13,o,1,10,2,-20,0.0,0,5,--,--,1,1,0,0,0,0,0,0,0,0
14,o,2,5,2,-25,0.0,0,0,--,2,0,1,0,0,0,0,0,1,0,4
15,o,3,5,2,-25,0.0,0,1,--,--,0,1,0,0,0,0,0,0,0,0
28,o,1,10,2,-20,1.0,3,0,--,--,1,1,0,0,0,0,0,0,0,0
29,o,2,10,1,-20,1.0,5,--,--,--,0,1,1,0,0,1,1,0,0,0
32,o,1,10,0,-22,0.0,0,8,--,--,0,1,0,0,0,0,0,0,0,0
33,o,2,2,0,-30,1.0,2,0,--,--,1,1,0,0,0,0,0,0,0,0
34,o,3,2,0,-30,0.0,0,-1,--,--,1,1,0,0,0,0,0,0,0,0
35,o,4,3,0,-29,0.0,0,5,--,--,0,1,0,0,0,0,0,0,0,0
36,o,1,10,0,-34,0.0,0,-8,--,2,1,2,0,0,0,0,0,1,0,4
37,o,2,18,2,-26,0.0,0,-1,--,--,0,2,0,0,0,0,0,0,0,0
38,o,3,19,0,-25,1.0,1,-5,--,1,0,2,0,0,0,0,0,1,0,4
43,o,1,10,1,-40,0.0,0,-4,--,--,0,2,0,0,0,0,0,0,0,0
44,o,2,14,0,-36,0.0,0,-5,--,--,0,2,0,0,0,0,0,0,0,0
45,o,3,19,0,-31,0.0,0,-4,--,1,1,2,0,0,0,0,0,2,1,2
52,o,1,10,1,-40,0.0,0,1,--,2,0,2,0,0,0,0,0,1,0,4
53,o,2,9,1,-41,0.0,0,-7,--,2,0,2,0,0,0,0,0,1,0,4
54,o,3,16,0,-34,1.0,2,0,--,1,1,2,0,0,0,0,0,1,0,4
60,o,1,10,0,-41,1.0,3,12,--,2,1,2,0,0,0,0,0,1,0,4
61,o,1,10,1,47,1.0,3,0,--,0,1,2,0,0,0,0,0,1,0,4
62,o,2,10,1,47,1.0,3,5,--,2,1,2,0,0,0,0,0,1,0,4
63,o,3,5,1,42,1.0,3,5,--,0,1,2,0,0,0,0,0,1,0,4
64,o,1,10,1,37,1.0,2,0,--,2,0,2,0,0,0,0,0,1,0,4
66,o,2,10,1,37,1.0,2,0,--,2,1,2,0,0,0,0,0,1,0,4
67,o,3,10,1,37,1.0,1,-13,--,0,1,2,0,0,0,0,0,1,0,4
77,o,1,10,2,-32,0.0,0,-3,--,--,1,3,0,0,0,0,0,0,0,0
78,o,2,13,2,-29,0.0,0,-1,--,--,1,3,0,0,0,0,0,0,0,0
79,o,3,14,2,-28,0.0,0,-1,--,2,1,3,0,0,0,0,0,1,0,4
87,o,2,10,2,-41,1.0,2,0,--,0,0,3,0,0,0,0,0,1,0,4
88,o,3,10,2,-41,1.0,6,-16,--,2,1,3,0,0,1,0,1,1,0,4
93,o,1,10,2,-25,0.0,0,-2,--,0,1,3,0,0,0,0,0,1,0,4
94,o,2,12,1,-23,0.0,0,7,--,0,0,3,0,0,0,0,0,1,0,4
95,o,3,5,0,-30,1.0,5,--,--,0,1,3,0,0,0,1,1,1,0,4
101,o,1,10,0,-2,0.0,0,-1,--,0,1,3,0,0,0,0,0,1,0,4
102,o,2,11,0,-1,0.0,0,4,--,--,1,3,0,0,0,0,0,0,0,0
103,o,3,7,2,-5,0.0,0,1,--,2,1,4,0,0,0,0,0,1,0,4
109,o,1,10,0,-25,0.0,0,3,--,0,1,4,0,0,0,0,0,1,0,4
110,o,2,7,0,-28,0.0,0,0,--,--,0,4,0,0,0,0,0,0,0,0
111,o,3,7,0,-28,0.0,0,0,--,1,0,4,0,0,0,0,0,1,0,4
123,o,1,10,0,-35,0.0,0,5,--,0,0,4,0,0,0,0,0,1,0,4
124,o,2,5,0,-40,0.0,0,7,--,0,0,4,0,0,0,0,0,1,0,4
125,o,1,10,0,-47,0.0,0,53,--,2,1,4,1,0,0,0,0,1,0,4
7,o,1,10,0,-24,0.0,0,3,--,1,1,1,0,0,0,0,0,2,1,2
8,o,2,7,0,-27,0.0,8,-10,--,1,0,1,0,0,0,0,0,1,0,4
9,o,2,17,0,-17,0.0,0,4,--,2,1,1,0,0,0,0,0,1,0,4
10,o,3,13,1,-21,1.0,2,0,--,2,0,1,0,0,0,0,0,1,0,4
17,o,1,10,2,-37,0.0,0,0,--,1,0,1,0,0,0,0,0,1,0,4
18,o,2,10,2,-37,0.0,0,6,--,1,0,1,0,0,0,0,0,1,0,4
19,o,3,4,0,-43,0.0,0,-4,--,0,1,1,0,0,0,0,0,1,0,4
23,o,1,10,2,-24,0.0,0,76,--,1,1,1,1,0,0,0,0,1,0,4
33,o,1,10,1,-27,0.0,0,2,--,0,1,1,0,0,0,0,0,1,0,4
34,o,2,8,1,-29,0.0,0,7,--,0,0,2,0,0,0,0,0,1,0,4
35,o,3,1,1,-36,,8,-5,--,--,--,2,0,0,0,0,0,0,0,0
36,o,3,6,1,-31,0.0,0,-10,--,2,0,2,0,0,0,0,0,1,0,4
49,o,1,10,1,-27,0.0,0,-3,--,1,0,2,0,0,0,0,0,1,0,4
50,o,2,13,1,-24,0.0,0,1,--,2,0,2,0,0,0,0,0,1,0,4
51,o,3,12,1,-25,1.0,1,-11,--,1,0,2,0,0,0,0,0,1,0,4
58,o,1,10,0,-40,0.0,0,1,--,2,1,2,0,0,0,0,0,1,0,4
59,o,2,9,1,-41,1.0,2,0,--,2,0,2,0,0,0,0,0,1,0,4
60,o,3,9,2,-41,1.0,1,-1,--,0,1,2,0,0,0,0,0,1,0,4
74,o,1,10,0,-27,0.0,0,0,--,2,--,2,0,0,0,0,0,1,0,4
82,o,1,10,0,50,0.0,0,3,--,1,0,3,0,0,0,0,0,1,0,4
83,o,2,7,0,47,0.0,0,9,--,2,0,3,0,0,0,0,0,1,0,4
84,o,1,10,0,38,0.0,0,-1,--,0,0,3,0,0,0,0,0,1,0,4
85,o,2,11,0,39,0.0,0,-11,--,1,1,3,0,0,0,0,0,1,0,4
86,o,3,22,2,50,1.0,1,-7,--,1,0,3,0,0,0,0,0,0,0,5
93,o,1,10,1,45,0.0,0,10,--,2,0,3,0,0,0,0,0,1,0,4
94,o,1,10,0,35,0.0,0,1,--,2,0,3,0,0,0,0,0,1,0,4
95,o,1,10,0,34,0.0,0,0,--,0,0,3,0,0,0,0,0,1,0,4
96,o,2,10,0,34,1.0,2,0,--,1,0,3,0,0,0,0,0,1,0,4
97,o,3,10,0,34,1.0,2,0,--,2,1,3,0,0,0,0,0,1,0,4
109,o,1,10,2,-41,0.0,0,3,--,2,0,4,0,0,0,0,0,1,0,4
110,o,2,7,1,-44,0.0,0,7,--,2,0,4,0,0,0,0,0,1,0,4
111,o,1,10,0,49,0.0,0,-6,--,2,1,4,0,0,0,0,0,1,0,4
112,o,2,16,2,-45,1.0,3,-2,--,2,1,4,0,0,0,0,0,1,0,4
113,o,3,18,1,-43,1.0,1,-6,--,1,0,4,0,0,0,0,0,0,0,5
121,o,1,10,0,-30,0.0,0,10,--,0,1,4,0,0,0,0,0,1,0,4
122,o,1,10,2,-40,0.0,0,3,--,2,1,4,0,0,0,0,0,1,0,4
123,o,2,7,1,-43,0.0,0,5,--,1,0,4,0,0,0,0,0,1,0,4
124,o,3,2,1,-48,0.0,0,0,--,1,0,4,0,0,0,0,0,1,0,4
125,o,4,2,1,-48,0.0,0,5,--,2,0,4,0,0,0,0,0,1,0,4
128,o,1,10,2,-42,0.0,0,3,--,2,0,4,0,0,0,0,0,1,0,4
129,o,2,7,1,-45,0.0,0,1,--,0,1,4,0,0,0,0,0,1,0,4
130,o,3,6,1,-46,0.0,0,14,--,2,0,4,0,0,0,0,0,1,0,4
131,o,1,10,0,40,0.0,0,0,--,2,1,4,0,0,0,0,0,1,0,4
15,o,1,10,0,-31,1.0,3,3,11,1,1,1,0,0,0,0,0,1,0,4
16,o,2,7,1,-34,0.0,0,4,1,1,0,1,0,0,0,0,0,1,0,4
17,o,3,3,2,-38,0.0,0,3,11,1,0,1,0,0,0,0,0,1,0,4
18,o,1,10,2,-41,0.0,0,1,1,1,0,1,0,0,0,0,0,1,0,4
19,o,2,9,0,-42,1.0,8,-15,11,0,0,1,0,0,0,0,0,2,1,2
20,o,2,24,0,-27,1.0,3,0,11,1,1,1,0,0,0,0,0,1,0,4
21,o,3,24,1,-27,,8,-5,11,0,--,1,0,0,0,0,0,1,1,3
22,o,3,29,1,-22,1.0,3,17,11,0,0,1,0,0,0,0,0,1,1,3
27,o,1,10,2,-32,0.0,0,-5,0,0,0,1,0,0,0,0,0,1,0,4
28,o,2,15,0,-27,1.0,2,0,11,0,1,2,0,0,0,0,0,1,0,4
29,o,3,15,0,-27,1.0,3,5,5,0,0,2,0,0,0,0,0,1,0,4
45,o,1,10,2,-14,0.0,0,0,7,0,1,2,0,0,0,0,0,1,0,4
46,o,2,10,1,-14,,8,-5,3,0,--,2,0,0,0,0,0,1,0,4
47,o,2,15,1,-9,0.0,0,0,7,0,0,2,0,0,0,0,0,1,0,4
54,o,1,10,0,-43,1.0,3,6,11,1,1,2,0,0,0,0,0,1,1,3
55,o,2,4,1,-49,1.0,5,--,11,0,0,2,0,0,0,1,1,1,1,3
63,o,2,6,0,-36,0.0,0,1,7,0,1,3,0,0,0,0,0,1,0,4
64,o,3,5,0,-37,1.0,2,0,11,1,1,3,0,0,0,0,0,1,0,4
72,o,1,10,0,-5,0.0,0,-2,1,1,0,3,0,0,0,0,0,1,0,4
73,o,2,12,0,-3,0.0,0,4,7,1,0,3,0,0,0,0,0,1,0,4
74,o,3,8,0,-7,1.0,3,16,11,1,1,3,0,0,0,0,0,1,1,3
75,o,1,10,1,-23,0.0,8,-12,0,1,0,3,0,0,0,0,0,2,1,2
76,o,1,22,1,-11,1.0,5,11,11,1,0,3,1,0,0,1,1,1,1,3
79,o,1,10,0,-9,0.0,0,-5,3,0,1,3,0,0,0,0,0,1,0,4
80,o,2,15,2,-4,0.0,0,2,1,0,0,3,0,0,0,0,0,1,0,4
81,o,3,13,2,-6,0.0,0,5,7,0,0,3,0,0,0,0,0,1,0,4
92,o,1,10,0,-40,1.0,2,0,5,0,0,4,0,0,0,0,0,1,0,4
93,o,2,10,0,-40,0.0,0,0,7,0,0,4,0,0,0,0,0,1,0,4
94,o,3,10,0,-40,1.0,3,2,4,1,1,4,0,0,0,0,0,1,1,3
95,o,4,8,2,-42,,8,5,--,0,--,4,0,0,0,0,0,1,1,3
96,o,4,3,2,-47,1.0,2,0,11,0,0,4,0,0,0,0,0,1,1,3
104,o,1,10,1,-35,1.0,3,12,11,0,0,4,0,0,0,0,0,1,1,3
105,o,1,10,0,-47,0.0,0,4,1,0,1,4,0,0,0,0,0,2,1,2
106,o,2,6,0,49,0.0,0,14,1,1,0,4,0,0,0,0,0,1,0,4
107,o,1,10,0,35,0.0,0,15,1,1,1,4,0,0,0,0,0,1,0,4
108,o,1,10,0,20,1.0,2,0,5,1,0,4,0,0,0,0,0,1,0,4
109,o,2,10,0,20,0.0,0,2,0,1,0,4,0,0,0,0,0,1,0,4
110,o,3,8,0,18,1.0,5,--,11,1,1,4,0,0,0,1,1,1,0,4
4,o,1,10,0,-35,0.0,0,4,7,0,0,1,0,0,0,0,0,2,1,2
5,o,2,6,0,-39,0.0,0,6,7,0,0,1,0,0,0,0,0,2,1,2
6,o,1,10,0,-45,0.0,0,4,3,0,0,1,0,0,0,0,0,1,1,3
7,o,2,6,0,-49,1.0,9,22,11,0,1,1,0,0,0,0,0,1,0,4
8,o,1,10,2,29,0.0,0,4,7,0,0,1,0,0,0,0,0,1,1,3
9,o,2,6,0,25,0.0,0,-4,7,0,1,1,0,0,0,0,0,2,1,2
11,o,3,10,2,29,1.0,2,0,11,0,0,1,0,0,0,0,0,1,1,3
12,o,4,10,2,29,1.0,5,--,11,0,0,1,0,0,0,1,1,1,1,3
20,o,1,10,1,46,1.0,2,0,11,0,0,1,0,0,0,0,0,1,0,4
21,o,2,10,1,46,0.0,0,3,11,0,0,1,0,0,0,0,0,1,1,3
22,o,3,7,2,43,1.0,9,6,11,1,0,1,0,0,0,0,0,1,1,3
23,o,4,1,0,37,0.0,0,-3,7,0,0,1,0,0,0,0,0,2,1,2
28,o,1,10,0,-10,0.0,0,7,11,1,1,1,0,0,0,0,0,1,1,3
29,o,2,3,1,-17,0.0,0,3,1,0,0,1,0,0,0,0,0,2,1,2
30,o,1,10,1,-20,0.0,0,-8,10,1,1,1,0,0,0,0,0,1,0,4
31,o,2,18,1,-12,0.0,6,-6,3,0,0,1,0,0,1,0,1,2,1,2
40,o,1,10,2,-13,0.0,0,7,11,0,1,2,0,0,0,0,0,1,0,4
41,o,2,3,1,-20,1.0,2,0,11,0,0,2,0,0,0,0,0,1,0,4
42,o,3,3,1,-20,1.0,3,1,11,0,0,2,0,0,0,0,0,1,0,4
48,o,1,10,0,-35,0.0,0,1,0,0,0,2,0,0,0,0,0,2,1,2
49,o,2,9,0,-36,0.0,8,-8,2,0,1,2,0,0,0,0,0,2,1,2
50,o,2,17,0,-28,0.0,0,26,8,0,1,2,0,0,0,0,0,1,0,4
51,o,1,10,1,46,0.0,0,0,3,2,0,2,0,0,0,0,0,1,0,4
52,o,2,10,2,46,1.0,2,0,11,1,0,2,0,0,0,0,0,1,0,4
53,o,3,10,2,46,1.0,1,-9,11,1,1,2,0,0,0,0,0,1,0,4
60,o,1,10,2,-37,0.0,0,2,11,0,0,2,0,0,0,0,0,1,1,3
61,o,2,8,2,-39,0.0,0,2,2,1,1,2,0,0,0,0,0,1,1,3
62,o,3,6,2,-41,1.0,8,15,11,1,1,2,0,0,0,0,0,1,1,3
63,o,1,10,1,44,1.0,1,-10,11,0,0,2,0,0,0,0,0,1,1,3
64,o,2,20,1,-46,1.0,9,24,11,0,1,2,0,0,0,0,0,1,1,3
66,o,1,10,0,-25,1.0,3,7,8,0,0,3,0,0,0,0,0,1,0,4
67,o,2,3,0,-32,1.0,3,6,11,0,0,3,0,0,0,0,0,1,0,4
68,o,1,10,0,-38,0.0,0,4,11,1,1,3,0,0,0,0,0,1,1,3
69,o,2,6,2,-42,0.0,0,2,7,0,0,3,0,0,0,0,0,1,0,4
70,o,3,4,2,-44,1.0,1,-9,11,0,1,3,0,0,0,0,0,1,0,4
79,o,1,10,2,-32,0.0,0,1,1,0,0,3,0,0,0,0,0,1,1,3
80,o,2,9,2,-33,0.0,0,4,10,1,1,3,0,0,0,0,0,1,1,3
81,o,3,5,2,-37,1.0,3,7,5,1,0,3,0,0,0,0,0,1,0,4
82,o,1,10,0,-44,0.0,0,-7,0,0,1,3,0,0,0,0,0,1,0,4
83,o,2,17,0,-37,1.0,9,7,11,0,1,3,0,0,0,0,0,1,0,4
84,o,3,10,1,-44,1.0,2,0,11,1,0,3,0,0,0,0,0,1,0,4
92,o,1,10,0,-13,0.0,0,-3,11,1,1,4,0,0,0,0,0,1,1,3
93,o,2,13,2,-10,0.0,0,0,1,1,0,4,0,0,0,0,0,1,0,4
94,o,3,13,0,-10,1.0,3,7,5,1,0,4,0,0,0,0,0,1,0,4
96,o,1,10,2,50,1.0,2,0,11,0,0,4,0,0,0,0,0,1,1,3
97,o,2,10,2,50,0.0,0,4,3,0,1,4,0,0,0,0,0,1,0,4
98,o,3,6,1,46,1.0,3,12,11,1,1,4,0,0,0,0,0,1,0,4
99,o,1,10,1,34,0.0,0,-4,1,1,0,4,0,0,0,0,0,1,0,4
100,o,2,14,1,38,1.0,3,32,11,1,1,4,0,0,0,0,0,1,1,3
101,o,1,6,1,6,0.0,0,1,3,1,0,4,0,0,0,0,0,1,0,4
102,o,2,5,2,5,1.0,2,0,11,1,0,4,0,0,0,0,0,1,0,4
103,o,3,5,2,5,1.0,2,0,8,0,0,4,0,0,0,0,0,1,0,4
104,o,4,5,2,5,1.0,8,1,11,1,1,4,0,0,0,0,0,1,0,4
107,o,4,4,2,4,0.0,0,3,3,1,1,4,0,0,0,0,0,1,1,3
11,o,1,10,1,-47,0.0,0,5,--,1,0,1,0,0,0,0,0,1,0,4
12,o,2,5,2,48,0.0,0,25,--,1,0,1,0,0,0,0,0,1,0,4
13,o,1,10,1,23,0.0,0,7,--,0,1,1,0,0,0,0,0,1,0,4
14,o,2,3,1,16,0.0,0,-3,--,0,1,1,0,0,0,0,0,1,0,4
15,o,3,6,1,19,0.0,0,19,--,0,0,1,1,0,0,0,0,1,1,3
30,o,1,10,0,-36,0.0,0,6,--,0,1,1,0,0,0,0,0,1,0,4
31,o,2,4,0,-42,,8,5,--,0,--,2,0,0,0,0,0,1,0,4
32,o,2,10,0,-47,0.0,0,-4,--,2,1,2,0,0,0,0,0,1,0,4
33,o,3,14,1,-43,0.0,8,5,--,1,1,2,0,0,0,0,0,1,0,4
34,o,3,9,2,-48,0.0,8,-5,--,0,0,2,0,0,0,0,0,1,1,3
35,o,3,14,0,-43,0.0,0,0,--,0,1,2,0,0,0,0,0,1,0,4
50,o,1,10,0,-38,1.0,3,0,--,0,0,2,0,0,0,0,0,1,0,4
51,o,2,10,0,-38,1.0,2,0,--,1,1,2,0,0,0,0,0,1,0,4
52,o,3,10,0,-38,1.0,2,0,--,1,0,2,0,0,0,0,0,1,1,3
63,o,1,10,0,-31,0.0,0,-3,--,2,1,2,0,0,0,0,0,1,0,4
64,o,2,13,0,-28,1.0,2,0,--,1,1,2,0,0,0,0,0,1,1,3
65,o,3,13,2,-28,0.0,0,25,--,--,0,2,0,0,0,0,0,0,0,0
66,o,1,10,2,47,1.0,5,--,--,1,0,2,0,0,0,1,1,1,0,4
68,o,1,10,1,-33,0.0,6,-1,--,0,0,3,0,0,1,0,1,1,0,4
72,o,1,10,0,-32,0.0,0,5,--,2,1,3,0,0,0,0,0,1,0,4
73,o,2,5,1,-37,0.0,0,1,--,1,1,3,0,0,0,0,0,1,0,4
74,o,3,4,1,-38,0.0,0,-1,--,0,0,3,0,0,0,0,0,1,0,4
76,o,1,10,0,37,1.0,3,0,--,1,1,3,0,0,0,0,0,1,0,4
77,o,2,10,0,37,0.0,0,-1,--,0,1,3,0,0,0,0,0,1,0,4
78,o,3,11,0,38,1.0,5,--,--,2,0,3,0,0,0,1,1,1,0,4
92,o,1,10,1,-35,1.0,2,0,--,1,0,3,0,0,0,0,0,1,0,4
93,o,2,10,1,-35,1.0,2,0,--,2,0,3,0,0,0,0,0,1,0,4
94,o,3,10,1,-35,1.0,3,14,--,0,0,3,0,0,0,0,0,1,0,4
95,o,1,10,0,-49,1.0,8,-5,--,1,0,3,0,0,0,0,0,1,0,4
96,o,1,15,0,-44,0.0,0,-2,--,0,0,3,0,0,0,0,0,1,1,3
97,o,2,17,0,-42,1.0,2,0,--,1,1,4,0,0,0,0,0,1,0,4
98,o,3,17,0,-42,1.0,3,21,--,1,0,4,0,0,0,0,0,1,1,3
99,o,1,10,0,37,0.0,0,-10,--,1,1,4,0,0,0,0,0,1,0,4
100,o,2,20,1,47,1.0,3,22,--,0,0,4,0,0,0,0,0,1,0,4
101,o,1,10,0,25,1.0,2,0,--,1,1,4,0,0,0,0,0,1,0,4
102,o,2,10,0,25,0.0,0,0,--,2,0,4,0,0,0,0,0,1,0,4
104,o,3,10,0,25,1.0,5,--,--,1,1,4,0,0,0,1,1,1,0,4
14,o,1,10,0,-25,0.0,0,12,--,0,1,1,0,0,0,0,0,1,0,4
15,o,1,10,1,-37,0.0,0,-2,--,1,0,1,0,0,0,0,0,1,0,4
16,o,2,12,1,-35,0.0,0,0,--,1,0,1,0,0,0,0,0,1,0,4
17,o,3,12,1,-35,0.0,0,-8,--,1,0,1,0,0,0,0,0,2,0,3
19,o,1,10,2,25,1.0,3,25,--,2,0,1,1,0,0,0,0,1,0,4
22,o,1,10,2,-26,0.0,0,11,--,0,1,1,0,0,0,0,0,2,1,2
23,o,1,10,1,-37,0.0,0,-2,--,0,1,1,0,0,0,0,0,2,1,2
24,o,2,12,1,-35,0.0,0,3,--,2,0,1,0,0,0,0,0,1,0,4
25,o,3,9,1,-38,0.0,0,-11,--,0,0,1,0,0,0,0,0,1,0,4
34,o,1,10,1,49,1.0,5,--,--,0,0,1,0,0,0,1,1,1,0,4
45,o,1,10,0,-40,0.0,0,-2,--,2,1,2,0,0,0,0,0,1,0,4
46,o,2,12,1,-38,0.0,0,0,--,2,0,2,0,0,0,0,0,1,0,4
47,o,3,12,1,-38,,8,7,--,--,--,2,0,0,0,0,0,0,0,0
48,o,3,5,2,-45,0.0,0,-15,--,2,0,2,0,0,0,0,0,1,0,4
53,o,1,10,0,-30,0.0,0,5,--,0,1,2,0,0,0,0,0,1,0,4
54,o,2,5,0,-35,0.0,0,11,--,2,0,2,0,0,0,0,0,1,0,4
55,o,1,10,0,-46,0.0,0,-5,--,1,0,2,0,0,0,0,0,1,0,4
56,o,2,15,0,-41,1.0,3,5,--,1,0,2,0,0,0,0,0,1,0,4
57,o,3,10,0,-46,1.0,2,0,--,2,0,2,0,0,0,0,0,1,0,4
64,o,1,10,1,-20,1.0,3,0,--,0,0,3,0,0,0,0,0,1,0,4
65,o,2,10,2,-20,0.0,0,5,--,0,0,3,0,0,0,0,0,2,1,2
66,o,3,5,2,-25,0.0,0,-5,--,1,1,3,0,0,0,0,0,1,0,4
74,o,1,10,1,-23,0.0,0,-3,--,1,0,3,0,0,0,0,0,2,0,3
75,o,2,13,2,-20,1.0,3,0,--,1,1,3,0,0,0,0,0,1,0,4
76,o,3,13,2,-20,0.0,8,-10,--,0,0,3,0,0,0,0,0,1,0,4
77,o,3,23,2,-10,1.0,3,0,--,1,1,3,0,0,0,0,0,1,0,4
82,o,1,10,1,-20,0.0,0,-2,--,2,1,3,0,0,0,0,0,1,0,4
83,o,2,12,1,-18,0.0,0,2,--,0,0,3,0,0,0,0,0,2,1,2
84,o,3,10,1,-20,0.0,0,5,--,1,0,3,0,0,0,0,0,2,0,3
90,o,1,10,2,-5,0.0,10,--,--,2,1,4,1,0,0,0,0,1,0,4
93,o,1,10,1,-30,0.0,0,0,--,0,0,4,0,0,0,0,0,1,0,4
94,o,2,10,0,-30,1.0,3,-2,--,1,1,4,0,0,0,0,0,1,0,4
95,o,3,12,2,-28,1.0,2,0,--,1,1,4,0,0,0,0,0,1,0,4
103,o,2,10,2,-48,0.0,0,0,--,2,1,4,0,0,0,0,0,1,0,4
10,o,1,10,1,-36,0.0,6,22,7,1,1,1,0,0,1,0,1,1,0,4
17,o,1,10,2,-40,0.0,0,0,1,0,1,1,0,0,0,0,0,1,0,4
18,o,2,10,2,-40,0.0,0,18,3,1,1,1,0,0,0,0,0,1,0,4
19,o,1,10,1,42,1.0,2,0,8,0,0,1,0,0,0,0,0,1,0,4
20,o,2,10,1,42,0.0,0,-6,3,0,0,1,0,0,0,0,0,1,1,3
21,o,3,16,0,48,1.0,9,2,11,1,1,1,0,0,0,0,0,1,1,3
32,o,1,10,1,-47,0.0,0,2,0,1,1,1,0,0,0,0,0,1,0,4
33,o,2,8,1,-49,1.0,1,-11,11,1,1,1,0,0,0,0,0,1,0,4
34,o,3,19,1,-38,1.0,9,16,11,0,0,1,0,0,0,0,0,1,1,3
35,o,4,3,0,46,0.0,0,5,7,1,0,2,0,0,0,0,0,1,0,4
36,o,1,10,0,41,0.0,0,-3,3,1,1,2,0,0,0,0,0,1,1,3
37,o,2,13,2,44,1.0,3,-1,4,0,0,2,0,0,0,0,0,1,0,4
38,o,3,14,2,45,1.0,2,0,11,0,0,2,0,0,0,0,0,1,0,4
46,o,1,10,1,-46,0.0,0,0,7,1,0,2,0,0,0,0,0,1,0,4
47,o,2,10,0,-46,0.0,0,0,0,1,1,2,0,0,0,0,0,1,1,3
48,o,3,10,1,-46,1.0,3,7,11,0,0,2,0,0,0,0,0,1,0,4
49,o,4,3,0,47,0.0,0,1,3,1,0,2,0,0,0,0,0,1,1,3
56,o,1,10,1,-45,1.0,1,-6,4,0,0,2,0,0,0,0,0,1,1,3
57,o,2,16,2,-39,1.0,2,0,11,0,0,2,0,0,0,0,0,1,1,3
58,o,3,16,2,-39,1.0,3,-1,5,1,0,2,0,0,0,0,0,1,0,4
64,o,1,10,0,-37,1.0,3,4,11,1,1,2,0,0,0,0,0,1,1,3
66,o,2,6,2,-41,1.0,9,8,11,0,0,2,0,0,0,0,0,1,1,3
67,o,1,10,0,-49,1.0,9,6,4,1,1,2,0,0,0,0,0,1,1,3
68,o,2,4,2,45,1.0,3,6,5,1,0,2,0,0,0,0,0,1,0,4
70,o,1,10,2,-42,1.0,3,23,6,1,0,3,0,0,0,0,0,1,0,4
71,o,1,10,0,35,1.0,2,0,11,1,1,3,0,0,0,0,0,1,0,4
72,o,2,10,0,35,1.0,9,10,11,1,1,3,0,0,0,0,0,1,1,3
73,o,1,10,2,25,0.0,0,5,2,1,0,3,0,0,0,0,0,1,1,3
74,o,2,5,0,20,0.0,0,3,2,0,0,3,0,0,0,0,0,1,1,3
75,o,3,2,0,17,0.0,8,-5,1,0,0,3,0,0,0,0,0,1,1,3
76,o,3,7,0,22,0.0,0,6,0,1,0,3,0,0,0,0,0,1,1,3
77,o,4,1,0,16,1.0,9,3,11,1,1,3,0,0,0,0,0,1,1,3
78,o,1,10,0,13,0.0,0,6,2,1,0,3,0,0,0,0,0,1,1,3
79,o,2,4,0,7,0.0,0,3,2,1,0,3,0,0,0,0,0,1,0,4
80,o,3,1,0,4,0.0,0,-1,7,1,1,3,0,0,0,0,0,1,1,3
81,o,4,2,0,5,0.0,0,3,1,1,0,3,0,0,0,0,0,1,0,4
82,o,1,2,0,2,0.0,0,2,7,0,0,3,1,0,0,0,0,1,0,4
89,o,1,10,0,-32,0.0,0,3,7,0,1,3,0,0,0,0,0,1,0,4
90,o,2,7,0,-35,0.0,0,12,1,1,0,3,0,0,0,0,0,1,1,3
91,o,1,10,0,-47,0.0,0,4,1,1,0,3,0,0,0,0,0,1,1,3
92,o,2,6,0,49,0.0,0,7,2,1,0,3,0,0,0,0,0,1,0,4
93,o,1,10,0,42,0.0,0,4,7,1,1,4,0,0,0,0,0,1,0,4
94,o,2,6,2,38,0.0,0,2,1,1,0,4,0,0,0,0,0,1,0,4
95,o,3,4,2,36,0.0,0,2,7,1,1,4,0,0,0,0,0,1,0,4
96,o,4,2,1,34,1.0,2,0,11,1,0,4,0,0,0,0,0,1,0,4
103,o,1,10,1,-25,1.0,2,0,11,0,0,4,0,0,0,0,0,1,1,3
104,o,2,10,1,-25,0.0,0,5,1,1,0,4,0,0,0,0,0,1,0,4
105,o,3,5,2,-30,0.0,0,-2,7,0,0,4,0,0,0,0,0,1,0,4
106,o,4,7,2,-28,0.0,0,8,6,1,1,4,0,0,0,0,0,1,0,4
107,o,1,10,1,-36,1.0,2,0,11,0,0,4,0,0,0,0,0,1,1,3
108,o,2,10,1,-36,1.0,5,--,11,0,1,4,0,0,0,1,1,1,1,3
115,o,1,10,1,-27,1.0,2,0,11,0,1,4,0,0,0,0,0,1,0,4
116,o,2,10,1,-27,1.0,9,10,4,0,0,4,0,0,0,0,0,1,1,3
117,o,1,10,2,-37,1.0,3,38,11,0,0,4,0,0,0,0,0,1,1,3
118,o,1,10,1,25,1.0,3,25,11,0,0,4,1,0,0,0,0,1,1,3
129,o,1,10,0,-34,1.0,9,2,11,1,1,4,0,0,0,0,0,1,1,3
130,o,2,8,1,-36,1.0,3,9,11,0,0,4,0,0,0,0,0,1,1,3
131,o,1,10,2,-45,1.0,1,0,11,2,1,4,0,0,0,0,0,1,0,4
132,o,2,10,1,-45,1.0,8,-4,11,0,0,4,0,0,0,0,0,1,1,3
133,o,2,14,0,-41,1.0,2,0,8,2,0,4,0,0,0,0,0,1,0,4
134,o,3,14,0,-41,1.0,1,-2,11,0,1,4,0,0,0,0,0,1,1,3
135,o,4,26,1,-39,1.0,2,0,11,0,0,4,0,0,0,0,0,1,1,3
6,o,1,10,1,-22,0.0,0,7,1,1,0,1,0,0,0,0,0,1,0,4
7,o,2,3,2,-29,0.0,0,-6,3,0,1,1,0,0,0,0,0,1,0,4
8,o,3,9,2,-23,1.0,1,-9,11,0,1,1,0,0,0,0,0,1,1,3
20,o,1,10,0,45,0.0,0,10,0,1,1,1,0,0,0,0,0,2,1,2
22,o,1,10,0,35,0.0,0,9,3,1,1,1,0,0,0,0,0,2,1,2
23,o,2,1,2,26,0.0,0,4,1,1,0,1,0,0,0,0,0,2,1,2
24,o,1,10,2,22,0.0,0,4,0,1,1,1,0,0,0,0,0,1,0,4
25,o,2,6,2,18,0.0,8,-7,1,0,0,1,0,0,0,0,0,2,1,2
26,o,2,13,0,25,0.0,0,1,3,0,1,1,0,0,0,0,0,2,1,2
27,o,3,12,2,24,0.0,0,-1,5,1,1,1,0,0,0,0,0,1,0,4
28,o,4,13,1,25,1.0,9,0,11,0,0,1,0,0,0,0,0,2,1,2
33,o,1,10,0,47,0.0,0,-4,1,1,1,2,0,0,0,0,0,1,1,3
34,o,2,14,2,-49,0.0,0,6,7,1,0,2,0,0,0,0,0,1,0,4
35,o,3,8,0,45,0.0,0,2,7,0,1,2,0,0,0,0,0,1,0,4
44,o,1,10,0,-34,0.0,0,1,11,1,1,2,0,0,0,0,0,1,1,3
45,o,2,9,1,-35,0.0,0,-3,11,1,0,2,0,0,0,0,0,1,0,4
46,o,3,12,0,-32,1.0,3,1,4,1,1,2,0,0,0,0,0,1,0,4
56,o,1,10,2,-15,0.0,0,-4,7,0,1,2,0,0,0,0,0,2,1,2
57,o,2,14,2,-11,1.0,3,0,11,0,0,2,0,0,0,0,0,1,0,4
58,o,3,14,2,-11,0.0,0,6,3,1,0,2,0,0,0,0,0,1,0,4
70,o,1,10,0,-39,0.0,0,0,11,1,0,2,0,0,0,0,0,1,1,3
80,o,1,10,2,-8,0.0,0,0,10,1,1,3,0,0,0,0,0,1,0,4
81,o,2,10,2,-8,0.0,0,9,0,1,0,3,0,0,0,0,0,2,1,2
82,o,3,1,2,-17,0.0,0,6,7,1,0,3,0,0,0,0,0,1,0,4
83,o,1,10,2,-23,,8,-5,--,0,--,3,0,0,0,0,0,1,0,4
84,o,1,15,2,-18,0.0,0,2,1,0,1,3,0,0,0,0,0,1,0,4
85,o,2,13,1,-20,0.0,0,-1,--,0,0,3,0,0,0,0,0,2,1,2
86,o,3,14,2,-19,1.0,3,7,11,1,1,3,0,0,0,0,0,1,0,4
92,o,1,10,2,-40,0.0,0,-5,1,1,0,3,0,0,0,0,0,1,1,3
93,o,2,15,0,-35,0.0,0,8,0,1,1,3,0,0,0,0,0,1,0,4
94,o,3,7,2,-43,1.0,5,--,0,1,0,3,0,0,0,1,1,1,0,4
101,o,1,10,2,-40,1.0,2,0,11,1,0,4,0,0,0,0,0,1,0,4
102,o,2,10,2,-40,1.0,2,0,11,2,0,4,0,0,0,0,0,1,0,4
103,o,3,10,2,-40,1.0,2,0,11,0,0,4,0,0,0,0,0,1,1,3
111,o,1,10,2,-36,0.0,0,2,7,0,0,4,0,0,0,0,0,1,0,4
112,o,2,8,1,-38,0.0,0,-5,1,1,0,4,0,0,0,0,0,1,0,4
113,o,3,13,2,-33,1.0,3,6,5,0,0,4,0,0,0,0,0,1,0,4
119,o,1,10,1,44,0.0,0,-6,--,1,0,4,0,0,0,0,0,1,0,4
120,o,2,16,2,50,0.0,0,7,7,0,1,4,0,0,0,0,0,1,0,4
121,o,3,9,1,43,0.0,0,0,7,1,0,4,0,0,0,0,0,1,0,4
122,o,4,9,2,43,0.0,0,11,0,1,1,4,0,0,0,0,0,1,0,4
123,o,1,10,1,32,0.0,0,25,7,1,0,4,0,0,0,0,0,1,0,4
124,o,1,7,0,7,0.0,0,6,7,0,1,4,0,0,0,0,0,1,0,4
125,o,2,1,2,1,0.0,0,0,7,1,1,4,0,0,0,0,0,1,0,4
126,o,3,1,2,1,0.0,0,0,11,1,1,4,0,0,0,0,0,1,0,4
15,o,1,10,1,-2,0.0,0,0,--,1,1,1,0,0,0,0,0,1,0,4
16,o,2,10,1,-2,0.0,0,3,--,--,1,1,0,0,0,0,0,0,0,0
17,o,2,7,1,-21,0.0,0,14,--,1,1,1,0,0,0,0,0,1,0,4
18,o,1,10,1,-35,0.0,0,3,--,1,1,1,0,0,0,0,0,1,0,4
19,o,2,7,1,-38,0.0,0,4,--,0,1,1,0,0,0,0,0,2,1,2
20,o,3,3,1,-42,0.0,0,-1,--,2,0,1,0,0,0,0,0,1,0,4
27,o,1,10,1,-36,0.0,0,10,--,0,1,2,0,0,0,0,0,1,0,4
28,o,1,10,1,-46,0.0,0,3,--,1,0,2,0,0,0,0,0,1,0,4
29,o,2,7,2,-49,0.0,0,-15,--,2,0,2,0,0,0,0,0,1,0,4
30,o,2,22,0,-34,0.0,0,5,--,1,0,2,0,0,0,0,0,1,0,4
31,o,3,17,0,-39,1.0,2,0,--,1,0,2,0,0,0,0,0,1,0,4
39,o,1,10,1,--,,--,--,--,--,--,2,0,0,0,0,0,0,0,0
40,o,1,10,1,-39,0.0,0,-4,--,0,0,2,0,0,0,0,0,1,0,4
41,o,2,14,2,-35,1.0,3,12,--,0,0,2,0,0,0,0,0,1,0,4
42,o,3,2,0,-47,0.0,0,3,--,--,1,2,0,0,0,0,0,0,0,0
43,o,1,10,2,50,0.0,0,-1,--,0,1,2,0,0,0,0,0,1,0,4
44,o,2,11,1,-49,1.0,2,0,--,0,0,2,0,0,0,0,0,1,1,3
45,o,2,11,1,-49,1.0,2,0,--,0,0,2,0,0,0,0,0,1,1,3
46,o,3,11,1,-49,1.0,6,0,--,2,0,2,0,0,1,0,1,1,0,4
59,o,1,10,2,-25,1.0,1,0,--,1,1,2,0,0,0,0,0,1,0,4
65,o,1,10,0,-28,1.0,3,4,--,1,1,3,0,0,0,0,0,1,0,4
66,o,2,6,1,-32,0.0,0,15,--,1,1,3,0,0,0,0,0,1,0,4
67,o,1,10,1,-47,0.0,8,-11,--,--,0,3,0,0,0,0,0,0,0,0
68,o,1,21,1,-36,,8,-5,--,2,--,3,0,0,0,0,0,1,0,4
69,o,1,26,1,-31,1.0,3,12,--,2,0,3,0,0,0,0,0,1,0,4
70,o,2,14,2,-43,1.0,2,0,--,0,1,3,0,0,0,0,0,1,0,4
71,o,3,14,2,-43,1.0,2,0,--,0,0,3,0,0,0,0,0,1,1,3
77,o,1,10,1,-45,0.0,0,3,--,0,1,3,0,0,0,0,0,2,1,2
78,o,2,7,1,-48,0.0,0,3,--,0,1,3,0,0,0,0,0,1,0,4
79,o,3,4,1,49,0.0,0,-3,--,0,0,3,0,0,0,0,0,2,1,2
80,o,4,7,0,-48,1.0,3,14,--,2,0,3,0,0,0,0,0,1,0,4
81,o,1,10,0,38,0.0,0,9,--,2,1,3,0,0,0,0,0,1,0,4
82,o,2,1,1,29,1.0,3,5,--,2,0,3,0,0,0,0,0,1,0,4
84,o,1,10,1,24,1.0,5,--,--,--,1,3,0,0,0,1,1,0,0,0
97,o,1,10,1,-20,0.0,0,5,--,0,1,4,0,0,0,0,0,1,0,4
98,o,2,5,1,-25,0.0,0,6,--,1,0,4,0,0,0,0,0,1,0,4
99,o,1,10,1,-31,0.0,0,1,--,1,0,4,0,0,0,0,0,1,0,4
100,o,2,9,2,-32,1.0,5,--,--,0,0,4,0,0,0,1,1,1,1,3
110,o,1,10,0,-40,0.0,0,0,--,2,0,4,0,0,0,0,0,1,0,4
11,o,1,10,2,-15,0.0,0,0,--,2,0,1,0,0,0,0,0,1,0,4
12,o,2,10,2,-15,0.0,0,-1,--,0,1,1,0,0,0,0,0,1,0,4
13,o,3,11,2,-14,0.0,0,-11,--,0,1,1,0,0,0,0,0,1,1,3
19,o,1,10,1,-24,0.0,0,-4,--,2,0,1,0,0,0,0,0,1,0,4
20,o,2,14,0,-20,0.0,0,-7,--,2,1,1,0,0,0,0,0,1,0,4
21,o,3,21,2,-13,1.0,3,1,--,2,1,1,0,0,0,0,0,1,0,4
33,o,1,10,1,-27,0.0,0,5,--,2,0,1,0,0,0,0,0,1,0,4
34,o,2,5,0,-32,0.0,0,4,--,2,0,2,0,0,0,0,0,1,0,4
35,o,3,1,0,-36,0.0,0,18,--,2,0,2,0,0,0,0,0,1,0,4
36,o,1,10,0,46,0.0,0,5,--,2,0,2,0,0,0,0,0,1,0,4
37,o,2,5,0,41,0.0,0,2,--,0,0,2,0,0,0,0,0,1,0,4
38,o,3,3,0,39,0.0,0,-5,--,2,1,2,0,0,0,0,0,1,0,4
45,o,1,10,0,-31,0.0,0,0,--,1,0,2,0,0,0,0,0,1,0,4
46,o,2,10,0,-31,1.0,3,11,--,2,1,2,0,0,0,0,0,1,0,4
48,o,1,10,1,-42,0.0,0,0,--,1,0,2,0,0,0,0,0,1,0,4
49,o,2,10,0,-42,0.0,0,3,--,2,0,2,0,0,0,0,0,1,0,4
50,o,3,7,0,-45,1.0,2,0,--,2,1,2,0,0,0,0,0,1,0,4
62,o,1,10,1,-20,0.0,6,0,--,1,0,2,0,0,1,0,1,1,0,4
66,o,1,10,0,-49,1.0,3,4,--,2,0,2,0,0,0,0,0,1,0,4
67,o,2,6,0,47,1.0,9,10,--,2,0,2,0,0,0,0,0,1,0,4
68,o,1,10,0,37,1.0,3,29,--,2,0,2,0,0,0,0,0,1,0,4
69,o,1,8,0,8,1.0,2,0,--,2,1,2,0,0,0,0,0,1,0,4
70,o,2,8,0,8,1.0,3,8,--,2,0,2,1,0,0,0,0,1,0,4
76,o,1,10,2,-21,0.0,0,-3,--,2,0,3,0,0,0,0,0,1,0,4
77,o,2,13,0,-18,1.0,2,0,--,--,1,3,0,0,0,0,0,0,0,0
78,o,3,13,0,-18,1.0,2,0,--,2,0,3,0,0,0,0,0,1,0,4
83,o,1,10,0,-40,0.0,0,-1,--,2,0,3,0,0,0,0,0,1,0,4
84,o,2,11,0,-39,0.0,0,2,--,2,0,3,0,0,0,0,0,1,0,4
85,o,3,9,0,-41,1.0,9,5,--,1,0,3,0,0,0,0,0,1,1,3
86,o,4,4,0,-46,1.0,2,0,--,2,0,3,0,0,0,0,0,1,0,4
92,o,1,10,0,-16,0.0,0,1,--,1,0,3,0,0,0,0,0,1,0,4
93,o,2,9,0,-17,1.0,9,1,--,2,0,3,0,0,0,0,0,1,0,4
94,o,3,8,0,-18,1.0,1,-2,--,1,0,3,0,0,0,0,0,1,1,3
100,o,1,10,0,50,0.0,0,2,--,1,1,4,0,0,0,0,0,1,0,4
102,o,2,8,1,48,1.0,2,0,--,1,1,4,0,0,0,0,0,1,0,4
103,o,3,8,1,48,,8,5,--,2,--,4,0,0,0,0,0,1,0,4
104,o,3,3,1,43,1.0,2,0,--,2,1,4,0,0,0,0,0,1,0,4
112,o,1,10,0,44,0.0,0,7,--,2,1,4,0,0,0,0,0,1,0,4
113,o,2,3,1,37,0.0,0,0,--,2,0,4,0,0,0,0,0,1,0,4
114,o,3,3,1,37,1.0,2,0,--,0,1,4,0,0,0,0,0,1,0,4
115,o,4,7,1,37,1.0,8,5,--,0,1,4,0,0,0,0,0,1,0,4
116,o,1,10,1,32,1.0,2,0,--,0,1,4,0,0,0,0,0,1,0,4
117,o,2,10,1,32,1.0,3,0,--,2,1,4,0,0,0,0,0,1,0,4
2,o,1,10,1,-33,0.0,0,4,7,0,0,1,0,0,0,0,0,1,1,3
3,o,2,6,2,-37,0.0,0,0,1,2,1,1,0,0,0,0,0,1,1,3
4,o,3,6,2,-37,1.0,1,-3,11,0,1,1,0,0,0,0,0,1,0,4
5,o,4,9,1,-34,0.0,0,-19,--,--,1,1,0,0,0,0,0,0,0,0
10,o,1,10,1,-46,0.0,0,0,7,2,1,1,0,0,0,0,0,1,1,3
11,o,2,10,1,-46,0.0,6,-5,7,0,0,1,0,0,1,0,1,1,1,3
18,o,1,10,2,-33,0.0,0,4,1,0,0,1,0,0,0,0,0,1,0,4
19,o,2,6,2,-37,0.0,0,0,0,0,1,1,0,0,0,0,0,1,1,3
20,o,3,6,1,-37,0.0,0,-9,8,2,0,1,0,0,0,0,0,1,1,3
32,o,1,10,0,-23,0.0,0,6,1,1,0,1,0,0,0,0,0,1,1,3
33,o,2,4,0,-29,0.0,0,6,7,1,0,2,0,0,0,0,0,1,0,4
34,o,1,10,0,-35,0.0,0,5,7,0,0,2,0,0,0,0,0,1,0,4
36,o,2,5,0,-40,0.0,0,3,0,1,0,2,0,0,0,0,0,1,0,4
37,o,3,2,0,-43,0.0,0,3,2,0,1,2,0,0,0,0,0,1,0,4
38,o,1,10,0,-46,0.0,8,-2,0,1,1,2,0,0,0,0,0,1,0,4
39,o,1,12,1,-44,1.0,2,0,11,0,0,2,0,0,0,0,0,1,0,4
40,o,2,12,1,-44,0.0,0,-7,11,2,0,2,0,0,0,0,0,1,1,3
41,o,3,19,0,-37,1.0,2,0,5,1,1,2,0,0,0,0,0,1,0,4
50,o,1,10,1,45,0.0,0,45,0,1,1,2,1,0,0,0,0,1,0,4
77,o,1,10,1,-34,0.0,0,6,7,0,0,3,0,0,0,0,0,1,1,3
78,o,2,4,2,-40,0.0,0,5,0,0,1,3,0,0,0,0,0,1,2,2
79,o,1,10,1,-45,,8,-5,--,1,--,3,0,0,0,0,0,1,0,4
80,o,1,15,1,-40,0.0,0,3,7,1,0,3,0,0,0,0,0,1,0,4
81,o,2,12,2,-43,1.0,3,27,11,1,0,3,0,0,0,0,0,1,0,4
82,o,1,10,0,30,0.0,8,-8,3,0,1,3,0,0,0,0,0,1,0,4
83,o,1,18,1,38,0.0,0,3,7,1,0,3,0,0,0,0,0,1,0,4
84,o,2,15,1,35,1.0,2,0,11,2,0,3,0,0,0,0,0,1,1,3
85,o,3,15,1,35,,8,-5,--,1,--,3,0,0,0,0,0,1,0,4
86,o,3,20,2,40,0.0,0,0,3,1,1,3,0,0,0,0,0,1,0,4
93,o,1,10,0,32,0.0,0,0,0,0,0,4,0,0,0,0,0,1,0,4
94,o,2,10,0,32,0.0,0,-2,3,0,1,4,0,0,0,0,0,1,0,4
95,o,3,12,1,34,1.0,2,0,11,0,0,4,0,0,0,0,0,1,0,4
96,o,4,12,1,34,1.0,2,0,11,2,0,4,0,0,0,0,0,1,1,3
103,o,1,10,0,-42,0.0,0,4,7,1,0,4,0,0,0,0,0,1,1,3
104,o,2,6,0,-46,0.0,0,-5,0,0,1,4,0,0,0,0,0,1,0,4
105,o,3,11,0,-41,1.0,5,--,11,0,1,4,0,0,0,1,1,1,0,4
115,o,1,10,0,-43,0.0,0,2,11,2,1,4,0,0,0,0,0,1,1,3
116,o,2,8,1,-45,0.0,0,0,11,2,1,4,0,0,0,0,0,1,1,3
117,o,3,8,1,-45,1.0,3,10,11,0,0,4,0,0,0,0,0,1,1,3
118,o,1,10,0,45,1.0,3,30,11,0,1,4,0,0,0,0,0,1,0,4
119,o,1,10,2,15,1.0,2,0,11,2,0,4,0,0,0,0,0,1,1,3
2,o,1,10,0,-34,0.0,0,10,--,0,1,1,0,0,0,0,0,1,0,4
3,o,1,10,0,-44,0.0,0,-2,--,1,1,1,0,0,0,0,0,1,0,4
4,o,2,12,2,-42,0.0,0,0,--,1,1,1,0,0,0,0,0,1,0,4
5,o,3,12,1,-42,1.0,5,0,--,0,0,1,0,0,0,1,1,1,1,3
11,o,1,10,0,-29,1.0,3,13,--,2,1,1,0,0,0,0,0,1,0,4
12,o,1,10,1,-42,0.0,0,2,--,2,0,1,0,0,0,0,0,1,0,4
13,o,2,8,0,-44,0.0,0,3,--,1,0,1,0,0,0,0,0,1,0,4
14,o,3,5,0,-47,1.0,1,-10,--,1,1,1,0,0,0,0,0,1,1,3
21,o,1,10,1,-25,1.0,1,-4,--,0,0,1,0,0,0,0,0,1,1,3
22,o,2,14,0,-21,1.0,3,6,--,2,0,1,0,0,0,0,0,1,0,4
23,o,3,8,0,-27,0.0,6,0,--,1,0,1,0,0,1,0,1,1,0,4
31,o,1,10,1,-36,0.0,0,4,--,0,1,1,0,0,0,0,0,1,1,3
32,o,2,6,1,-40,0.0,0,2,--,0,0,1,0,0,0,0,0,1,0,4
33,o,3,4,1,-42,0.0,0,0,--,0,0,2,0,0,0,0,0,1,0,4
39,o,1,10,1,26,0.0,0,5,--,0,1,2,0,0,0,0,0,1,0,4
40,o,2,5,1,21,0.0,0,2,--,0,1,2,0,0,0,0,0,1,0,4
41,o,3,3,1,19,0.0,0,0,--,0,1,2,0,0,0,0,0,1,0,4
49,o,1,10,1,-47,1.0,3,8,--,2,1,2,0,0,0,0,0,1,0,4
50,o,2,2,1,45,1.0,3,5,--,2,1,2,0,0,0,0,0,1,0,4
51,o,1,10,1,40,0.0,0,1,--,0,0,2,0,0,0,0,0,1,0,4
52,o,2,9,1,39,0.0,0,2,--,2,1,2,0,0,0,0,0,1,0,4
53,o,3,7,1,37,1.0,5,0,--,0,0,2,0,0,0,1,1,1,1,3
58,o,1,10,1,-23,1.0,2,0,--,0,0,2,0,0,0,0,0,1,1,3
59,o,2,10,1,-23,1.0,2,0,--,2,1,2,0,0,0,0,0,1,0,4
60,o,3,10,1,-23,0.0,0,7,--,2,0,2,0,0,0,0,0,1,0,4
70,o,1,10,0,-36,0.0,0,9,--,0,1,3,0,0,0,0,0,1,1,3
71,o,2,1,1,-45,0.0,0,1,--,0,0,3,0,0,0,0,0,1,0,4
72,o,1,10,2,-46,0.0,0,5,--,0,0,3,0,0,0,0,0,1,0,4
73,o,2,5,0,49,0.0,0,15,--,0,0,3,0,0,0,0,0,1,0,4
74,o,1,10,0,34,0.0,0,-1,--,0,1,3,0,0,0,0,0,1,0,4
75,o,2,11,2,35,0.0,0,8,--,0,0,3,0,0,0,0,0,1,1,3
76,o,3,3,0,27,0.0,0,14,--,0,0,3,0,0,0,0,0,1,0,4
77,o,1,10,0,13,0.0,0,2,--,2,1,3,0,0,0,0,0,1,0,4
78,o,2,8,2,11,0.0,6,0,--,0,0,3,0,0,1,0,1,1,1,3
86,o,1,10,1,-36,1.0,2,0,--,--,1,3,0,0,0,0,0,0,0,0
87,o,2,10,1,-36,0.0,0,0,--,0,1,3,0,0,0,0,0,1,0,4
88,o,3,10,1,-36,1.0,3,6,--,2,0,3,0,0,0,0,0,1,0,4
89,o,4,4,2,-42,1.0,2,0,--,0,0,3,0,0,0,0,0,1,0,4
95,o,1,10,0,22,0.0,0,7,--,1,0,3,0,0,0,0,0,1,0,4
97,o,2,3,2,15,0.0,0,-2,--,0,1,4,0,0,0,0,0,1,0,4
98,o,3,5,2,17,1.0,3,13,--,0,0,4,0,0,0,0,0,1,1,3
99,o,1,4,0,4,0.0,0,2,--,0,1,4,0,0,0,0,0,1,0,4
100,o,2,2,0,2,0.0,0,0,--,0,0,4,0,0,0,0,0,1,0,4
101,o,3,2,2,2,0.0,0,1,--,1,1,4,0,0,0,0,0,1,1,3
102,o,4,1,1,1,0.0,0,1,--,1,1,4,1,0,0,0,0,1,2,2
108,o,1,10,0,-47,1.0,2,0,--,0,1,4,0,0,0,0,0,1,0,4
109,o,2,10,0,-47,0.0,0,1,--,0,1,4,0,0,0,0,0,1,0,4
110,o,3,9,2,-48,1.0,3,3,--,1,1,4,0,0,0,0,0,1,0,4
111,o,4,6,1,49,1.0,1,-4,--,2,1,4,0,0,0,0,0,1,0,4
116,o,1,10,2,-43,1.0,2,0,--,2,1,4,0,0,0,0,0,1,0,4
117,o,2,10,2,-43,0.0,0,5,--,1,1,4,0,0,0,0,0,1,0,4
2,o,1,10,1,-42,0.0,0,-2,--,1,0,1,0,0,0,0,0,1,0,4
3,o,2,12,2,-40,0.0,0,7,--,1,0,1,0,0,0,0,0,1,0,4
4,o,3,5,2,-47,0.0,0,13,--,1,1,1,0,0,0,0,0,1,0,4
5,o,1,10,1,40,0.0,0,0,--,1,1,1,0,0,0,0,0,1,0,4
6,o,2,10,1,40,0.0,0,2,--,0,1,1,0,0,0,0,0,1,1,3
7,o,3,8,1,38,0.0,0,2,--,0,0,1,0,0,0,0,0,1,1,3
8,o,4,6,0,36,0.0,0,0,--,1,1,1,0,0,0,0,0,1,0,4
15,o,1,10,1,-16,0.0,0,4,--,--,1,1,0,0,0,0,0,0,0,0
16,o,2,6,1,-20,1.0,1,-5,--,1,0,1,0,0,0,0,0,1,0,4
17,o,3,11,1,-15,1.0,2,0,--,2,1,1,0,0,0,0,0,1,0,4
24,o,1,10,2,-36,1.0,2,0,--,0,1,1,0,0,0,0,0,1,0,4
25,o,2,10,2,-36,0.0,0,2,--,2,1,1,0,0,0,0,0,1,0,4
26,o,3,8,1,-38,0.0,0,4,--,1,0,1,0,0,0,0,0,1,1,3
34,o,1,10,2,-16,0.0,0,3,--,2,0,2,0,0,0,0,0,1,0,4
35,o,2,7,2,-19,0.0,6,0,--,1,1,2,0,0,1,0,1,1,1,3
41,o,1,10,2,-40,0.0,0,-5,--,1,0,2,0,0,0,0,0,1,1,3
42,o,2,15,0,-35,1.0,2,0,--,1,0,2,0,0,0,0,0,1,0,4
43,o,3,15,0,-35,0.0,0,0,--,2,0,2,0,0,0,0,0,1,0,4
45,o,1,10,0,41,,8,-5,--,0,--,2,0,0,0,0,0,1,1,3
46,o,1,15,2,46,1.0,1,-1,--,0,1,2,0,0,0,0,0,1,1,3
47,o,2,16,2,47,1.0,3,6,--,0,0,2,0,0,0,0,0,1,0,4
48,o,3,10,0,41,1.0,2,0,--,1,0,2,0,0,0,0,0,1,0,4
60,o,1,10,0,-35,,8,-5,--,2,--,2,0,0,0,0,0,1,0,4
61,o,1,15,0,-30,0.0,0,5,--,2,0,2,0,0,0,0,0,1,0,4
62,o,2,10,0,-35,1.0,9,11,--,2,0,2,0,0,0,0,0,1,0,4
63,o,1,10,0,-46,1.0,1,-7,--,2,0,2,0,0,0,0,0,1,0,4
64,o,2,17,0,-39,1.0,2,0,--,1,0,2,0,0,0,0,0,1,0,4
65,o,3,17,0,-39,1.0,2,0,--,1,0,2,0,0,0,0,0,1,0,4
66,o,4,17,0,-39,1.0,9,0,--,0,1,2,0,0,0,0,0,1,1,3
78,o,1,10,2,-5,0.0,0,6,--,0,0,3,0,0,0,0,0,2,1,2
79,o,2,4,2,-11,0.0,0,1,--,1,1,3,0,0,0,0,0,1,0,4
80,o,3,3,1,-12,0.0,0,4,--,1,0,3,0,0,0,0,0,1,1,3
81,o,1,10,1,-16,1.0,2,0,--,2,1,3,0,0,0,0,0,1,0,4
82,o,2,10,1,-16,0.0,0,10,--,0,0,3,0,0,0,0,0,1,0,4
83,o,1,10,0,-26,1.0,5,0,--,2,1,3,0,0,0,1,1,1,0,4
95,o,1,10,0,-42,0.0,0,7,--,2,0,3,0,0,0,0,0,1,0,4
96,o,2,3,0,-49,0.0,0,-4,--,1,0,3,0,0,0,0,0,1,1,3
97,o,3,7,0,-45,,8,5,--,1,--,3,0,0,0,0,0,1,0,4
98,o,3,2,0,50,0.0,0,-7,--,1,1,3,0,0,0,0,0,1,0,4
105,o,1,10,2,33,1.0,3,17,--,1,1,4,0,0,0,0,0,1,1,3
106,o,1,10,1,16,0.0,0,11,--,2,0,4,0,0,0,0,0,1,0,4
107,o,1,5,2,5,0.0,0,5,--,0,1,4,1,0,0,0,0,1,0,4
114,o,1,10,1,-31,0.0,0,3,--,0,0,4,0,0,0,0,0,1,0,4
115,o,2,7,0,-34,0.0,0,0,--,0,1,4,0,0,0,0,0,1,0,4
116,o,3,7,1,-34,0.0,0,4,--,0,0,4,0,0,0,0,0,1,0,4
117,o,4,3,2,-38,0.0,0,5,--,0,1,4,0,0,0,0,0,1,0,4
118,o,1,10,2,-43,1.0,3,15,--,0,1,4,0,0,0,0,0,1,0,4
119,o,1,10,1,42,0.0,0,0,--,0,0,4,0,0,0,0,0,1,0,4
120,o,2,10,1,42,0.0,0,2,--,0,1,4,0,0,0,0,0,1,0,4
121,o,3,8,1,40,0.0,0,4,--,0,1,4,0,0,0,0,0,1,0,4
123,o,4,4,1,36,1.0,2,0,--,0,1,4,0,0,0,0,0,1,0,4
2,o,1,10,1,-26,,8,-15,--,2,--,1,0,0,0,0,0,1,1,3
3,o,1,25,1,-11,0.0,0,5,1,2,0,1,0,0,0,0,0,1,1,3
4,o,2,20,0,-16,0.0,0,21,0,2,0,1,0,0,0,0,0,1,1,3
5,o,1,10,0,-37,1.0,1,-1,1,2,1,1,0,0,0,0,0,1,1,3
6,o,2,11,2,-36,1.0,1,-5,11,2,0,1,0,0,0,0,0,1,1,3
7,o,3,16,2,-31,1.0,3,3,5,2,0,1,0,0,0,0,0,1,1,3
19,o,1,10,2,-38,1.0,9,4,8,2,0,1,0,0,0,0,0,1,1,3
20,o,2,6,0,-42,0.0,8,-10,7,0,0,1,0,0,0,0,0,0,0,0
21,o,2,16,0,-32,1.0,2,0,11,2,1,1,0,0,0,0,0,1,1,3
22,o,3,16,0,-32,1.0,3,10,11,0,0,1,0,0,0,0,0,1,0,4
27,o,1,10,2,-31,,8,-15,1,0,--,1,0,0,0,0,0,1,2,2
28,o,1,25,2,-16,0.0,0,2,0,0,0,1,0,0,0,0,0,1,2,2
29,o,2,23,0,-18,1.0,2,0,11,2,1,2,0,0,0,0,0,1,1,3
30,o,3,23,0,-18,1.0,9,6,11,1,0,2,0,0,0,0,0,1,0,4
37,o,1,10,0,50,1.0,9,1,11,1,0,2,0,0,0,0,0,1,0,4
38,o,2,9,0,49,0.0,8,-5,3,2,1,2,0,0,0,0,0,1,1,3
39,o,2,14,0,-46,1.0,2,0,2,0,0,2,0,0,0,0,0,0,0,0
40,o,3,14,0,-46,1.0,1,-1,8,2,0,2,0,0,0,0,0,1,1,3
49,o,1,10,0,-15,0.0,0,2,1,1,1,2,0,0,0,0,0,0,0,0
50,o,2,8,0,-17,0.0,0,10,1,0,0,2,0,0,0,0,0,0,0,0
51,o,1,10,0,-27,0.0,0,-5,3,0,1,2,0,0,0,0,0,1,2,2
52,o,2,15,2,-22,1.0,2,0,11,2,0,2,0,0,0,0,0,1,1,3
53,o,3,15,2,-22,1.0,8,28,11,1,1,2,0,0,0,0,0,1,0,4
54,o,1,10,1,50,0.0,0,1,7,0,1,2,0,0,0,0,0,0,0,0
55,o,2,9,1,49,1.0,8,-5,5,2,0,2,0,0,0,0,0,1,1,3
56,o,2,14,1,-46,1.0,1,-2,11,0,1,2,0,0,0,0,0,1,0,4
57,o,3,16,1,-44,1.0,3,5,11,2,0,2,0,0,0,0,0,1,1,3
67,o,1,10,1,36,1.0,1,-6,11,0,0,2,0,0,0,0,0,1,0,4
79,o,1,10,1,-2,1.0,5,--,11,0,1,3,0,0,0,1,1,1,0,4
83,o,1,10,2,-46,0.0,0,7,1,0,0,3,0,0,0,0,0,1,0,4
84,o,2,3,0,47,0.0,0,4,7,2,1,3,0,0,0,0,0,1,1,3
85,o,1,10,2,43,0.0,0,2,7,0,0,3,0,0,0,0,0,1,0,4
86,o,2,8,2,41,0.0,0,2,0,0,1,3,0,0,0,0,0,1,0,4
87,o,3,6,1,39,1.0,9,0,3,2,0,3,0,0,0,0,0,1,1,3
88,o,4,6,0,39,1.0,1,-9,11,1,1,3,0,0,0,0,0,1,0,4
97,o,1,10,2,-20,0.0,0,40,7,0,0,4,0,0,0,0,0,2,1,2
98,o,1,10,2,40,0.0,0,7,7,2,0,4,0,0,0,0,0,1,1,3
99,o,2,3,0,33,0.0,0,-2,0,2,0,4,0,0,0,0,0,1,1,3
100,o,3,5,0,35,1.0,1,-3,1,2,1,4,0,0,0,0,0,1,1,3
101,o,4,8,2,38,1.0,6,-1,8,2,0,4,0,0,1,0,1,1,1,3
107,o,1,10,2,-25,1.0,2,0,11,2,0,4,0,0,0,0,0,1,1,3
108,o,2,10,2,-25,0.0,0,29,7,2,0,4,0,0,0,0,0,1,1,3
109,o,1,10,2,46,0.0,0,2,7,2,0,4,0,0,0,0,0,1,1,3
110,o,2,8,2,44,0.0,0,10,1,2,1,4,0,0,0,0,0,1,1,3
111,o,1,10,1,34,1.0,1,-2,5,2,0,4,0,0,0,0,0,1,1,3
112,o,2,12,0,36,0.0,0,2,7,2,1,4,0,0,0,0,0,1,1,3
113,o,3,10,0,34,1.0,9,17,11,1,1,4,0,0,0,0,0,1,0,4
114,o,1,10,1,17,0.0,0,2,3,2,0,4,0,0,0,0,0,1,1,3
115,o,2,8,0,15,1.0,2,0,11,2,0,4,0,0,0,0,0,1,1,3
116,o,3,8,0,15,0.0,0,6,7,2,1,4,0,0,0,0,0,1,1,3
117,o,4,2,0,9,0.0,0,0,7,2,1,4,0,0,0,0,0,1,1,3
125,o,1,10,0,34,1.0,2,0,11,2,1,4,0,0,0,0,0,1,1,3
126,o,2,10,0,34,1.0,2,0,11,2,0,4,0,0,0,0,0,1,1,3
127,o,3,10,0,34,1.0,9,0,11,2,1,4,0,0,0,0,0,1,1,3
128,o,4,10,1,34,1.0,2,0,11,0,0,4,0,0,0,0,0,1,1,3
